CenINum,CenAñoFRlt,CenAñoIni,CenAñoFin,CenIBlo,CenNom,CenDatTip,CenEtaTip,1,2,3,4,5,6,7,8,9,10,11,12
1,F,2016,2016,*,CARBON_ANGAMOS,CenCosVar,EtaMes,95.96,95.96,95.96,95.96,95.96,95.96,95.96,95.96,95.96,95.96,95.96,95.96
2,F,2017,2017,*,CARBON_ANGAMOS,CenCosVar,EtaMes,95.96,95.96,95.96,95.96,95.96,95.96,95.96,95.96,95.96,95.96,95.96,95.96
3,F,2018,2018,*,CARBON_ANGAMOS,CenCosVar,EtaMes,95.96,95.96,95.96,95.96,95.96,95.96,95.96,95.96,95.96,95.96,95.96,95.96
4,F,2019,2019,*,CARBON_ANGAMOS,CenCosVar,EtaMes,95.96,95.96,95.96,95.96,95.96,95.96,95.96,95.96,95.96,96.92,96.92,96.92
5,F,2020,2020,*,CARBON_ANGAMOS,CenCosVar,EtaMes,96.92,96.92,96.92,96.92,96.92,96.92,96.92,96.92,96.92,96.92,96.92,96.92
6,F,2021,2021,*,CARBON_ANGAMOS,CenCosVar,EtaMes,96.92,96.92,96.92,96.92,96.92,96.92,96.92,96.92,96.92,85.14,85.14,85.14
7,F,2022,2022,*,CARBON_ANGAMOS,CenCosVar,EtaMes,85.14,85.14,85.14,85.14,85.14,85.14,85.14,85.14,85.14,85.42,85.42,85.42
8,F,2023,2023,*,CARBON_ANGAMOS,CenCosVar,EtaMes,85.42,85.42,85.42,85.42,85.42,85.42,85.42,85.42,85.42,85.51,85.51,85.51
9,F,2024,2024,*,CARBON_ANGAMOS,CenCosVar,EtaMes,85.51,85.51,85.51,85.51,85.51,85.51,85.51,85.51,85.51,85.87,85.87,85.87
10,F,2025,2025,*,CARBON_ANGAMOS,CenCosVar,EtaMes,85.87,85.87,85.87,85.87,85.87,85.87,85.87,85.87,85.87,86.07,86.07,86.07
11,F,2026,2026,*,CARBON_ANGAMOS,CenCosVar,EtaMes,86.07,86.07,86.07,86.07,86.07,86.07,86.07,86.07,86.07,85.80,85.80,85.80
12,F,2027,2027,*,CARBON_ANGAMOS,CenCosVar,EtaMes,85.80,85.80,85.80,85.80,85.80,85.80,85.80,85.80,85.80,85.16,85.16,85.16
13,F,2028,2028,*,CARBON_ANGAMOS,CenCosVar,EtaMes,85.16,85.16,85.16,85.16,85.16,85.16,85.16,85.16,85.16,84.55,84.55,84.55
14,F,2029,2029,*,CARBON_ANGAMOS,CenCosVar,EtaMes,84.55,84.55,84.55,84.55,84.55,84.55,84.55,84.55,84.55,83.95,83.95,83.95
15,F,2030,2030,*,CARBON_ANGAMOS,CenCosVar,EtaMes,83.95,83.95,83.95,83.95,83.95,83.95,83.95,83.95,83.95,83.93,83.93,83.93
16,F,2031,*,*,CARBON_ANGAMOS,CenCosVar,EtaMes,83.93,83.93,83.93,83.93,83.93,83.93,83.93,83.93,83.93,83.93,83.93,83.93
17,F,2016,2016,*,CARBON_CNE,CenCosVar,EtaMes,84.64,84.64,84.64,84.64,84.64,84.64,84.64,84.64,84.64,84.64,84.64,84.64
18,F,2017,2017,*,CARBON_CNE,CenCosVar,EtaMes,84.64,84.64,84.64,84.64,84.64,84.64,84.64,84.64,84.64,84.64,84.64,84.64
19,F,2018,2018,*,CARBON_CNE,CenCosVar,EtaMes,84.64,84.64,84.64,84.64,84.64,84.64,84.64,84.64,84.64,84.64,84.64,84.64
20,F,2019,2019,*,CARBON_CNE,CenCosVar,EtaMes,84.64,84.64,84.64,84.64,84.64,84.64,84.64,84.64,84.64,85.49,85.49,85.49
21,F,2020,2020,*,CARBON_CNE,CenCosVar,EtaMes,85.49,85.49,85.49,85.49,85.49,85.49,85.49,85.49,85.49,85.49,85.49,85.49
22,F,2021,2021,*,CARBON_CNE,CenCosVar,EtaMes,85.49,85.49,85.49,85.49,85.49,85.49,85.49,85.49,85.49,85.14,85.14,85.14
23,F,2022,2022,*,CARBON_CNE,CenCosVar,EtaMes,85.14,85.14,85.14,85.14,85.14,85.14,85.14,85.14,85.14,85.42,85.42,85.42
24,F,2023,2023,*,CARBON_CNE,CenCosVar,EtaMes,85.42,85.42,85.42,85.42,85.42,85.42,85.42,85.42,85.42,85.51,85.51,85.51
25,F,2024,2024,*,CARBON_CNE,CenCosVar,EtaMes,85.51,85.51,85.51,85.51,85.51,85.51,85.51,85.51,85.51,85.87,85.87,85.87
26,F,2025,2025,*,CARBON_CNE,CenCosVar,EtaMes,85.87,85.87,85.87,85.87,85.87,85.87,85.87,85.87,85.87,86.07,86.07,86.07
27,F,2026,2026,*,CARBON_CNE,CenCosVar,EtaMes,86.07,86.07,86.07,86.07,86.07,86.07,86.07,86.07,86.07,85.80,85.80,85.80
28,F,2027,2027,*,CARBON_CNE,CenCosVar,EtaMes,85.80,85.80,85.80,85.80,85.80,85.80,85.80,85.80,85.80,85.16,85.16,85.16
29,F,2028,2028,*,CARBON_CNE,CenCosVar,EtaMes,85.16,85.16,85.16,85.16,85.16,85.16,85.16,85.16,85.16,84.55,84.55,84.55
30,F,2029,2029,*,CARBON_CNE,CenCosVar,EtaMes,84.55,84.55,84.55,84.55,84.55,84.55,84.55,84.55,84.55,83.95,83.95,83.95
31,F,2030,2030,*,CARBON_CNE,CenCosVar,EtaMes,83.95,83.95,83.95,83.95,83.95,83.95,83.95,83.95,83.95,83.93,83.93,83.93
32,F,2031,*,*,CARBON_CNE,CenCosVar,EtaMes,83.93,83.93,83.93,83.93,83.93,83.93,83.93,83.93,83.93,83.93,83.93,83.93
33,F,2016,2016,*,CARBON_COCHRANE,CenCosVar,EtaMes,107.98,107.98,107.98,107.98,107.98,107.98,107.98,107.98,107.98,107.98,107.98,107.98
34,F,2017,2017,*,CARBON_COCHRANE,CenCosVar,EtaMes,107.98,107.98,107.98,107.98,107.98,107.98,107.98,107.98,107.98,107.98,107.98,107.98
35,F,2018,2018,*,CARBON_COCHRANE,CenCosVar,EtaMes,107.98,107.98,107.98,107.98,107.98,107.98,107.98,107.98,107.98,107.98,107.98,107.98
36,F,2019,2019,*,CARBON_COCHRANE,CenCosVar,EtaMes,107.98,107.98,107.98,107.98,107.98,107.98,107.98,107.98,107.98,109.06,109.06,109.06
37,F,2020,2020,*,CARBON_COCHRANE,CenCosVar,EtaMes,109.06,109.06,109.06,109.06,109.06,109.06,109.06,109.06,109.06,109.06,109.06,109.06
38,F,2021,2021,*,CARBON_COCHRANE,CenCosVar,EtaMes,109.06,109.06,109.06,109.06,109.06,109.06,109.06,109.06,109.06,85.14,85.14,85.14
39,F,2022,2022,*,CARBON_COCHRANE,CenCosVar,EtaMes,85.14,85.14,85.14,85.14,85.14,85.14,85.14,85.14,85.14,85.42,85.42,85.42
40,F,2023,2023,*,CARBON_COCHRANE,CenCosVar,EtaMes,85.42,85.42,85.42,85.42,85.42,85.42,85.42,85.42,85.42,85.51,85.51,85.51
41,F,2024,2024,*,CARBON_COCHRANE,CenCosVar,EtaMes,85.51,85.51,85.51,85.51,85.51,85.51,85.51,85.51,85.51,85.87,85.87,85.87
42,F,2025,2025,*,CARBON_COCHRANE,CenCosVar,EtaMes,85.87,85.87,85.87,85.87,85.87,85.87,85.87,85.87,85.87,86.07,86.07,86.07
43,F,2026,2026,*,CARBON_COCHRANE,CenCosVar,EtaMes,86.07,86.07,86.07,86.07,86.07,86.07,86.07,86.07,86.07,85.80,85.80,85.80
44,F,2027,2027,*,CARBON_COCHRANE,CenCosVar,EtaMes,85.80,85.80,85.80,85.80,85.80,85.80,85.80,85.80,85.80,85.16,85.16,85.16
45,F,2028,2028,*,CARBON_COCHRANE,CenCosVar,EtaMes,85.16,85.16,85.16,85.16,85.16,85.16,85.16,85.16,85.16,84.55,84.55,84.55
46,F,2029,2029,*,CARBON_COCHRANE,CenCosVar,EtaMes,84.55,84.55,84.55,84.55,84.55,84.55,84.55,84.55,84.55,83.95,83.95,83.95
47,F,2030,2030,*,CARBON_COCHRANE,CenCosVar,EtaMes,83.95,83.95,83.95,83.95,83.95,83.95,83.95,83.95,83.95,83.93,83.93,83.93
48,F,2031,*,*,CARBON_COCHRANE,CenCosVar,EtaMes,83.93,83.93,83.93,83.93,83.93,83.93,83.93,83.93,83.93,83.93,83.93,83.93
49,F,2016,2016,*,CARBON_CTA,CenCosVar,EtaMes,95.72,95.72,95.72,95.72,95.72,95.72,95.72,95.72,95.72,95.72,95.72,95.72
50,F,2017,2017,*,CARBON_CTA,CenCosVar,EtaMes,95.72,95.72,95.72,95.72,95.72,95.72,95.72,95.72,95.72,95.72,95.72,95.72
51,F,2018,2018,*,CARBON_CTA,CenCosVar,EtaMes,95.72,95.72,95.72,95.72,95.72,95.72,95.72,95.72,95.72,95.72,95.72,95.72
52,F,2019,2019,*,CARBON_CTA,CenCosVar,EtaMes,95.72,95.72,95.72,95.72,95.72,95.72,95.72,95.72,95.72,96.67,96.67,96.67
53,F,2020,2020,*,CARBON_CTA,CenCosVar,EtaMes,96.67,96.67,96.67,96.67,96.67,96.67,96.67,96.67,96.67,96.67,96.67,96.67
54,F,2021,2021,*,CARBON_CTA,CenCosVar,EtaMes,96.67,96.67,96.67,96.67,96.67,96.67,96.67,96.67,96.67,85.14,85.14,85.14
55,F,2022,2022,*,CARBON_CTA,CenCosVar,EtaMes,85.14,85.14,85.14,85.14,85.14,85.14,85.14,85.14,85.14,85.42,85.42,85.42
56,F,2023,2023,*,CARBON_CTA,CenCosVar,EtaMes,85.42,85.42,85.42,85.42,85.42,85.42,85.42,85.42,85.42,85.51,85.51,85.51
57,F,2024,2024,*,CARBON_CTA,CenCosVar,EtaMes,85.51,85.51,85.51,85.51,85.51,85.51,85.51,85.51,85.51,85.87,85.87,85.87
58,F,2025,2025,*,CARBON_CTA,CenCosVar,EtaMes,85.87,85.87,85.87,85.87,85.87,85.87,85.87,85.87,85.87,86.07,86.07,86.07
59,F,2026,2026,*,CARBON_CTA,CenCosVar,EtaMes,86.07,86.07,86.07,86.07,86.07,86.07,86.07,86.07,86.07,85.80,85.80,85.80
60,F,2027,2027,*,CARBON_CTA,CenCosVar,EtaMes,85.80,85.80,85.80,85.80,85.80,85.80,85.80,85.80,85.80,85.16,85.16,85.16
61,F,2028,2028,*,CARBON_CTA,CenCosVar,EtaMes,85.16,85.16,85.16,85.16,85.16,85.16,85.16,85.16,85.16,84.55,84.55,84.55
62,F,2029,2029,*,CARBON_CTA,CenCosVar,EtaMes,84.55,84.55,84.55,84.55,84.55,84.55,84.55,84.55,84.55,83.95,83.95,83.95
63,F,2030,2030,*,CARBON_CTA,CenCosVar,EtaMes,83.95,83.95,83.95,83.95,83.95,83.95,83.95,83.95,83.95,83.93,83.93,83.93
64,F,2031,*,*,CARBON_CTA,CenCosVar,EtaMes,83.93,83.93,83.93,83.93,83.93,83.93,83.93,83.93,83.93,83.93,83.93,83.93
65,F,2016,2016,*,CARBON_CTH,CenCosVar,EtaMes,96.88,96.88,96.88,96.88,96.88,96.88,96.88,96.88,96.88,96.88,96.88,96.88
66,F,2017,2017,*,CARBON_CTH,CenCosVar,EtaMes,96.88,96.88,96.88,96.88,96.88,96.88,96.88,96.88,96.88,96.88,96.88,96.88
67,F,2018,2018,*,CARBON_CTH,CenCosVar,EtaMes,96.88,96.88,96.88,96.88,96.88,96.88,96.88,96.88,96.88,96.88,96.88,96.88
68,F,2019,2019,*,CARBON_CTH,CenCosVar,EtaMes,96.88,96.88,96.88,96.88,96.88,96.88,96.88,96.88,96.88,97.85,97.85,97.85
69,F,2020,2020,*,CARBON_CTH,CenCosVar,EtaMes,97.85,97.85,97.85,97.85,97.85,97.85,97.85,97.85,97.85,97.85,97.85,97.85
70,F,2021,2021,*,CARBON_CTH,CenCosVar,EtaMes,97.85,97.85,97.85,97.85,97.85,97.85,97.85,97.85,97.85,85.14,85.14,85.14
71,F,2022,2022,*,CARBON_CTH,CenCosVar,EtaMes,85.14,85.14,85.14,85.14,85.14,85.14,85.14,85.14,85.14,85.42,85.42,85.42
72,F,2023,2023,*,CARBON_CTH,CenCosVar,EtaMes,85.42,85.42,85.42,85.42,85.42,85.42,85.42,85.42,85.42,85.51,85.51,85.51
73,F,2024,2024,*,CARBON_CTH,CenCosVar,EtaMes,85.51,85.51,85.51,85.51,85.51,85.51,85.51,85.51,85.51,85.87,85.87,85.87
74,F,2025,2025,*,CARBON_CTH,CenCosVar,EtaMes,85.87,85.87,85.87,85.87,85.87,85.87,85.87,85.87,85.87,86.07,86.07,86.07
75,F,2026,2026,*,CARBON_CTH,CenCosVar,EtaMes,86.07,86.07,86.07,86.07,86.07,86.07,86.07,86.07,86.07,85.80,85.80,85.80
76,F,2027,2027,*,CARBON_CTH,CenCosVar,EtaMes,85.80,85.80,85.80,85.80,85.80,85.80,85.80,85.80,85.80,85.16,85.16,85.16
77,F,2028,2028,*,CARBON_CTH,CenCosVar,EtaMes,85.16,85.16,85.16,85.16,85.16,85.16,85.16,85.16,85.16,84.55,84.55,84.55
78,F,2029,2029,*,CARBON_CTH,CenCosVar,EtaMes,84.55,84.55,84.55,84.55,84.55,84.55,84.55,84.55,84.55,83.95,83.95,83.95
79,F,2030,2030,*,CARBON_CTH,CenCosVar,EtaMes,83.95,83.95,83.95,83.95,83.95,83.95,83.95,83.95,83.95,83.93,83.93,83.93
80,F,2031,*,*,CARBON_CTH,CenCosVar,EtaMes,83.93,83.93,83.93,83.93,83.93,83.93,83.93,83.93,83.93,83.93,83.93,83.93
81,F,2016,2016,*,CARBON_MEJILLONES,CenCosVar,EtaMes,101.13,101.13,101.13,101.13,101.13,101.13,101.13,101.13,101.13,101.13,101.13,101.13
82,F,2017,2017,*,CARBON_MEJILLONES,CenCosVar,EtaMes,101.13,101.13,101.13,101.13,101.13,101.13,101.13,101.13,101.13,101.13,101.13,101.13
83,F,2018,2018,*,CARBON_MEJILLONES,CenCosVar,EtaMes,101.13,101.13,101.13,101.13,101.13,101.13,101.13,101.13,101.13,101.13,101.13,101.13
84,F,2019,2019,*,CARBON_MEJILLONES,CenCosVar,EtaMes,101.13,101.13,101.13,101.13,101.13,101.13,101.13,101.13,101.13,102.14,102.14,102.14
85,F,2020,2020,*,CARBON_MEJILLONES,CenCosVar,EtaMes,102.14,102.14,102.14,102.14,102.14,102.14,102.14,102.14,102.14,102.14,102.14,102.14
86,F,2021,2021,*,CARBON_MEJILLONES,CenCosVar,EtaMes,102.14,102.14,102.14,102.14,102.14,102.14,102.14,102.14,102.14,85.14,85.14,85.14
87,F,2022,2022,*,CARBON_MEJILLONES,CenCosVar,EtaMes,85.14,85.14,85.14,85.14,85.14,85.14,85.14,85.14,85.14,85.42,85.42,85.42
88,F,2023,2023,*,CARBON_MEJILLONES,CenCosVar,EtaMes,85.42,85.42,85.42,85.42,85.42,85.42,85.42,85.42,85.42,85.51,85.51,85.51
89,F,2024,2024,*,CARBON_MEJILLONES,CenCosVar,EtaMes,85.51,85.51,85.51,85.51,85.51,85.51,85.51,85.51,85.51,85.87,85.87,85.87
90,F,2025,2025,*,CARBON_MEJILLONES,CenCosVar,EtaMes,85.87,85.87,85.87,85.87,85.87,85.87,85.87,85.87,85.87,86.07,86.07,86.07
91,F,2026,2026,*,CARBON_MEJILLONES,CenCosVar,EtaMes,86.07,86.07,86.07,86.07,86.07,86.07,86.07,86.07,86.07,85.80,85.80,85.80
92,F,2027,2027,*,CARBON_MEJILLONES,CenCosVar,EtaMes,85.80,85.80,85.80,85.80,85.80,85.80,85.80,85.80,85.80,85.16,85.16,85.16
93,F,2028,2028,*,CARBON_MEJILLONES,CenCosVar,EtaMes,85.16,85.16,85.16,85.16,85.16,85.16,85.16,85.16,85.16,84.55,84.55,84.55
94,F,2029,2029,*,CARBON_MEJILLONES,CenCosVar,EtaMes,84.55,84.55,84.55,84.55,84.55,84.55,84.55,84.55,84.55,83.95,83.95,83.95
95,F,2030,2030,*,CARBON_MEJILLONES,CenCosVar,EtaMes,83.95,83.95,83.95,83.95,83.95,83.95,83.95,83.95,83.95,83.93,83.93,83.93
96,F,2031,*,*,CARBON_MEJILLONES,CenCosVar,EtaMes,83.93,83.93,83.93,83.93,83.93,83.93,83.93,83.93,83.93,83.93,83.93,83.93
97,F,2016,2016,*,CARBON_NORGENER,CenCosVar,EtaMes,94.67,94.67,94.67,94.67,94.67,94.67,94.67,94.67,94.67,94.67,94.67,94.67
98,F,2017,2017,*,CARBON_NORGENER,CenCosVar,EtaMes,94.67,94.67,94.67,94.67,94.67,94.67,94.67,94.67,94.67,94.67,94.67,94.67
99,F,2018,2018,*,CARBON_NORGENER,CenCosVar,EtaMes,94.67,94.67,94.67,94.67,94.67,94.67,94.67,94.67,94.67,94.67,94.67,94.67
100,F,2019,2019,*,CARBON_NORGENER,CenCosVar,EtaMes,94.67,94.67,94.67,94.67,94.67,94.67,94.67,94.67,94.67,95.61,95.61,95.61
101,F,2020,2020,*,CARBON_NORGENER,CenCosVar,EtaMes,95.61,95.61,95.61,95.61,95.61,95.61,95.61,95.61,95.61,95.61,95.61,95.61
102,F,2021,2021,*,CARBON_NORGENER,CenCosVar,EtaMes,95.61,95.61,95.61,95.61,95.61,95.61,95.61,95.61,95.61,85.14,85.14,85.14
103,F,2022,2022,*,CARBON_NORGENER,CenCosVar,EtaMes,85.14,85.14,85.14,85.14,85.14,85.14,85.14,85.14,85.14,85.42,85.42,85.42
104,F,2023,2023,*,CARBON_NORGENER,CenCosVar,EtaMes,85.42,85.42,85.42,85.42,85.42,85.42,85.42,85.42,85.42,85.51,85.51,85.51
105,F,2024,2024,*,CARBON_NORGENER,CenCosVar,EtaMes,85.51,85.51,85.51,85.51,85.51,85.51,85.51,85.51,85.51,85.87,85.87,85.87
106,F,2025,2025,*,CARBON_NORGENER,CenCosVar,EtaMes,85.87,85.87,85.87,85.87,85.87,85.87,85.87,85.87,85.87,86.07,86.07,86.07
107,F,2026,2026,*,CARBON_NORGENER,CenCosVar,EtaMes,86.07,86.07,86.07,86.07,86.07,86.07,86.07,86.07,86.07,85.80,85.80,85.80
108,F,2027,2027,*,CARBON_NORGENER,CenCosVar,EtaMes,85.80,85.80,85.80,85.80,85.80,85.80,85.80,85.80,85.80,85.16,85.16,85.16
109,F,2028,2028,*,CARBON_NORGENER,CenCosVar,EtaMes,85.16,85.16,85.16,85.16,85.16,85.16,85.16,85.16,85.16,84.55,84.55,84.55
110,F,2029,2029,*,CARBON_NORGENER,CenCosVar,EtaMes,84.55,84.55,84.55,84.55,84.55,84.55,84.55,84.55,84.55,83.95,83.95,83.95
111,F,2030,2030,*,CARBON_NORGENER,CenCosVar,EtaMes,83.95,83.95,83.95,83.95,83.95,83.95,83.95,83.95,83.95,83.93,83.93,83.93
112,F,2031,*,*,CARBON_NORGENER,CenCosVar,EtaMes,83.93,83.93,83.93,83.93,83.93,83.93,83.93,83.93,83.93,83.93,83.93,83.93
113,F,2016,2016,*,CARBON_TARAPACA,CenCosVar,EtaMes,96.82,96.82,96.82,96.82,96.82,96.82,96.82,96.82,96.82,96.82,96.82,96.82
114,F,2017,2017,*,CARBON_TARAPACA,CenCosVar,EtaMes,96.82,96.82,96.82,96.82,96.82,96.82,96.82,96.82,96.82,96.82,96.82,96.82
115,F,2018,2018,*,CARBON_TARAPACA,CenCosVar,EtaMes,96.82,96.82,96.82,96.82,96.82,96.82,96.82,96.82,96.82,96.82,96.82,96.82
116,F,2019,2019,*,CARBON_TARAPACA,CenCosVar,EtaMes,96.82,96.82,96.82,96.82,96.82,96.82,96.82,96.82,96.82,97.79,97.79,97.79
117,F,2020,2020,*,CARBON_TARAPACA,CenCosVar,EtaMes,97.79,97.79,97.79,97.79,97.79,97.79,97.79,97.79,97.79,97.79,97.79,97.79
118,F,2021,2021,*,CARBON_TARAPACA,CenCosVar,EtaMes,97.79,97.79,97.79,97.79,97.79,97.79,97.79,97.79,97.79,85.14,85.14,85.14
119,F,2022,2022,*,CARBON_TARAPACA,CenCosVar,EtaMes,85.14,85.14,85.14,85.14,85.14,85.14,85.14,85.14,85.14,85.42,85.42,85.42
120,F,2023,2023,*,CARBON_TARAPACA,CenCosVar,EtaMes,85.42,85.42,85.42,85.42,85.42,85.42,85.42,85.42,85.42,85.51,85.51,85.51
121,F,2024,2024,*,CARBON_TARAPACA,CenCosVar,EtaMes,85.51,85.51,85.51,85.51,85.51,85.51,85.51,85.51,85.51,85.87,85.87,85.87
122,F,2025,2025,*,CARBON_TARAPACA,CenCosVar,EtaMes,85.87,85.87,85.87,85.87,85.87,85.87,85.87,85.87,85.87,86.07,86.07,86.07
123,F,2026,2026,*,CARBON_TARAPACA,CenCosVar,EtaMes,86.07,86.07,86.07,86.07,86.07,86.07,86.07,86.07,86.07,85.80,85.80,85.80
124,F,2027,2027,*,CARBON_TARAPACA,CenCosVar,EtaMes,85.80,85.80,85.80,85.80,85.80,85.80,85.80,85.80,85.80,85.16,85.16,85.16
125,F,2028,2028,*,CARBON_TARAPACA,CenCosVar,EtaMes,85.16,85.16,85.16,85.16,85.16,85.16,85.16,85.16,85.16,84.55,84.55,84.55
126,F,2029,2029,*,CARBON_TARAPACA,CenCosVar,EtaMes,84.55,84.55,84.55,84.55,84.55,84.55,84.55,84.55,84.55,83.95,83.95,83.95
127,F,2030,2030,*,CARBON_TARAPACA,CenCosVar,EtaMes,83.95,83.95,83.95,83.95,83.95,83.95,83.95,83.95,83.95,83.93,83.93,83.93
128,F,2031,*,*,CARBON_TARAPACA,CenCosVar,EtaMes,83.93,83.93,83.93,83.93,83.93,83.93,83.93,83.93,83.93,83.93,83.93,83.93
129,F,2016,2016,*,CARBON_TOCOPILLA,CenCosVar,EtaMes,102.22,102.22,102.22,102.22,102.22,102.22,102.22,102.22,102.22,102.22,102.22,102.22
130,F,2017,2017,*,CARBON_TOCOPILLA,CenCosVar,EtaMes,102.22,102.22,102.22,102.22,102.22,102.22,102.22,102.22,102.22,102.22,102.22,102.22
131,F,2018,2018,*,CARBON_TOCOPILLA,CenCosVar,EtaMes,102.22,102.22,102.22,102.22,102.22,102.22,102.22,102.22,102.22,102.22,102.22,102.22
132,F,2019,2019,*,CARBON_TOCOPILLA,CenCosVar,EtaMes,102.22,102.22,102.22,102.22,102.22,102.22,102.22,102.22,102.22,103.24,103.24,103.24
133,F,2020,2020,*,CARBON_TOCOPILLA,CenCosVar,EtaMes,103.24,103.24,103.24,103.24,103.24,103.24,103.24,103.24,103.24,103.24,103.24,103.24
134,F,2021,2021,*,CARBON_TOCOPILLA,CenCosVar,EtaMes,103.24,103.24,103.24,103.24,103.24,103.24,103.24,103.24,103.24,85.14,85.14,85.14
135,F,2022,2022,*,CARBON_TOCOPILLA,CenCosVar,EtaMes,85.14,85.14,85.14,85.14,85.14,85.14,85.14,85.14,85.14,85.42,85.42,85.42
136,F,2023,2023,*,CARBON_TOCOPILLA,CenCosVar,EtaMes,85.42,85.42,85.42,85.42,85.42,85.42,85.42,85.42,85.42,85.51,85.51,85.51
137,F,2024,2024,*,CARBON_TOCOPILLA,CenCosVar,EtaMes,85.51,85.51,85.51,85.51,85.51,85.51,85.51,85.51,85.51,85.87,85.87,85.87
138,F,2025,2025,*,CARBON_TOCOPILLA,CenCosVar,EtaMes,85.87,85.87,85.87,85.87,85.87,85.87,85.87,85.87,85.87,86.07,86.07,86.07
139,F,2026,2026,*,CARBON_TOCOPILLA,CenCosVar,EtaMes,86.07,86.07,86.07,86.07,86.07,86.07,86.07,86.07,86.07,85.80,85.80,85.80
140,F,2027,2027,*,CARBON_TOCOPILLA,CenCosVar,EtaMes,85.80,85.80,85.80,85.80,85.80,85.80,85.80,85.80,85.80,85.16,85.16,85.16
141,F,2028,2028,*,CARBON_TOCOPILLA,CenCosVar,EtaMes,85.16,85.16,85.16,85.16,85.16,85.16,85.16,85.16,85.16,84.55,84.55,84.55
142,F,2029,2029,*,CARBON_TOCOPILLA,CenCosVar,EtaMes,84.55,84.55,84.55,84.55,84.55,84.55,84.55,84.55,84.55,83.95,83.95,83.95
143,F,2030,2030,*,CARBON_TOCOPILLA,CenCosVar,EtaMes,83.95,83.95,83.95,83.95,83.95,83.95,83.95,83.95,83.95,83.93,83.93,83.93
144,F,2031,*,*,CARBON_TOCOPILLA,CenCosVar,EtaMes,83.93,83.93,83.93,83.93,83.93,83.93,83.93,83.93,83.93,83.93,83.93,83.93
145,F,2016,2016,*,DIESEL_ARICA,CenCosVar,EtaMes,451.36,451.36,451.36,451.36,451.36,451.36,451.36,451.36,451.36,451.36,451.36,451.36
146,F,2017,2017,*,DIESEL_ARICA,CenCosVar,EtaMes,451.36,451.36,451.36,451.36,451.36,451.36,451.36,451.36,451.36,537.12,537.12,537.12
147,F,2018,2018,*,DIESEL_ARICA,CenCosVar,EtaMes,537.12,537.12,537.12,537.12,537.12,537.12,537.12,537.12,537.12,658.99,658.99,658.99
148,F,2019,2019,*,DIESEL_ARICA,CenCosVar,EtaMes,658.99,658.99,658.99,658.99,658.99,658.99,658.99,658.99,658.99,717.67,717.67,717.67
149,F,2020,2020,*,DIESEL_ARICA,CenCosVar,EtaMes,717.67,717.67,717.67,717.67,717.67,717.67,717.67,717.67,717.67,762.80,762.80,762.80
150,F,2021,2021,*,DIESEL_ARICA,CenCosVar,EtaMes,762.80,762.80,762.80,762.80,762.80,762.80,762.80,762.80,762.80,794.40,794.40,794.40
151,F,2022,2022,*,DIESEL_ARICA,CenCosVar,EtaMes,794.40,794.40,794.40,794.40,794.40,794.40,794.40,794.40,794.40,816.97,816.97,816.97
152,F,2023,2023,*,DIESEL_ARICA,CenCosVar,EtaMes,816.97,816.97,816.97,816.97,816.97,816.97,816.97,816.97,816.97,835.02,835.02,835.02
153,F,2024,2024,*,DIESEL_ARICA,CenCosVar,EtaMes,835.02,835.02,835.02,835.02,835.02,835.02,835.02,835.02,835.02,857.59,857.59,857.59
154,F,2025,2025,*,DIESEL_ARICA,CenCosVar,EtaMes,857.59,857.59,857.59,857.59,857.59,857.59,857.59,857.59,857.59,889.19,889.19,889.19
155,F,2026,2026,*,DIESEL_ARICA,CenCosVar,EtaMes,889.19,889.19,889.19,889.19,889.19,889.19,889.19,889.19,889.19,911.75,911.75,911.75
156,F,2027,2027,*,DIESEL_ARICA,CenCosVar,EtaMes,911.75,911.75,911.75,911.75,911.75,911.75,911.75,911.75,911.75,934.32,934.32,934.32
157,F,2028,2028,*,DIESEL_ARICA,CenCosVar,EtaMes,934.32,934.32,934.32,934.32,934.32,934.32,934.32,934.32,934.32,961.40,961.40,961.40
158,F,2029,2029,*,DIESEL_ARICA,CenCosVar,EtaMes,961.40,961.40,961.40,961.40,961.40,961.40,961.40,961.40,961.40,976.21,976.21,976.21
159,F,2030,2030,*,DIESEL_ARICA,CenCosVar,EtaMes,976.21,976.21,976.21,976.21,976.21,976.21,976.21,976.21,976.21,1006.55,1006.55,1006.55
160,F,2031,*,*,DIESEL_ARICA,CenCosVar,EtaMes,1006.55,1006.55,1006.55,1006.55,1006.55,1006.55,1006.55,1006.55,1006.55,1006.55,1006.55,1006.55
161,F,2016,2016,*,DIESEL_ATACAMA,CenCosVar,EtaMes,471.31,471.31,471.31,471.31,471.31,471.31,471.31,471.31,471.31,471.31,471.31,471.31
162,F,2017,2017,*,DIESEL_ATACAMA,CenCosVar,EtaMes,471.31,471.31,471.31,471.31,471.31,471.31,471.31,471.31,471.31,560.86,560.86,560.86
163,F,2018,2018,*,DIESEL_ATACAMA,CenCosVar,EtaMes,560.86,560.86,560.86,560.86,560.86,560.86,560.86,560.86,560.86,688.11,688.11,688.11
164,F,2019,2019,*,DIESEL_ATACAMA,CenCosVar,EtaMes,688.11,688.11,688.11,688.11,688.11,688.11,688.11,688.11,688.11,749.38,749.38,749.38
165,F,2020,2020,*,DIESEL_ATACAMA,CenCosVar,EtaMes,749.38,749.38,749.38,749.38,749.38,749.38,749.38,749.38,749.38,796.51,796.51,796.51
166,F,2021,2021,*,DIESEL_ATACAMA,CenCosVar,EtaMes,796.51,796.51,796.51,796.51,796.51,796.51,796.51,796.51,796.51,829.50,829.50,829.50
167,F,2022,2022,*,DIESEL_ATACAMA,CenCosVar,EtaMes,829.50,829.50,829.50,829.50,829.50,829.50,829.50,829.50,829.50,853.07,853.07,853.07
168,F,2023,2023,*,DIESEL_ATACAMA,CenCosVar,EtaMes,853.07,853.07,853.07,853.07,853.07,853.07,853.07,853.07,853.07,871.92,871.92,871.92
169,F,2024,2024,*,DIESEL_ATACAMA,CenCosVar,EtaMes,871.92,871.92,871.92,871.92,871.92,871.92,871.92,871.92,871.92,895.48,895.48,895.48
170,F,2025,2025,*,DIESEL_ATACAMA,CenCosVar,EtaMes,895.48,895.48,895.48,895.48,895.48,895.48,895.48,895.48,895.48,928.48,928.48,928.48
171,F,2026,2026,*,DIESEL_ATACAMA,CenCosVar,EtaMes,928.48,928.48,928.48,928.48,928.48,928.48,928.48,928.48,928.48,952.04,952.04,952.04
172,F,2027,2027,*,DIESEL_ATACAMA,CenCosVar,EtaMes,952.04,952.04,952.04,952.04,952.04,952.04,952.04,952.04,952.04,975.61,975.61,975.61
173,F,2028,2028,*,DIESEL_ATACAMA,CenCosVar,EtaMes,975.61,975.61,975.61,975.61,975.61,975.61,975.61,975.61,975.61,1003.89,1003.89,1003.89
174,F,2029,2029,*,DIESEL_ATACAMA,CenCosVar,EtaMes,1003.89,1003.89,1003.89,1003.89,1003.89,1003.89,1003.89,1003.89,1003.89,1019.34,1019.34,1019.34
175,F,2030,2030,*,DIESEL_ATACAMA,CenCosVar,EtaMes,1019.34,1019.34,1019.34,1019.34,1019.34,1019.34,1019.34,1019.34,1019.34,1051.03,1051.03,1051.03
176,F,2031,*,*,DIESEL_ATACAMA,CenCosVar,EtaMes,1051.03,1051.03,1051.03,1051.03,1051.03,1051.03,1051.03,1051.03,1051.03,1051.03,1051.03,1051.03
177,F,2016,2016,*,DIESEL_ENAEX,CenCosVar,EtaMes,461.40,461.40,461.40,461.40,461.40,461.40,461.40,461.40,461.40,461.40,461.40,461.40
178,F,2017,2017,*,DIESEL_ENAEX,CenCosVar,EtaMes,461.40,461.40,461.40,461.40,461.40,461.40,461.40,461.40,461.40,549.07,549.07,549.07
179,F,2018,2018,*,DIESEL_ENAEX,CenCosVar,EtaMes,549.07,549.07,549.07,549.07,549.07,549.07,549.07,549.07,549.07,673.65,673.65,673.65
180,F,2019,2019,*,DIESEL_ENAEX,CenCosVar,EtaMes,673.65,673.65,673.65,673.65,673.65,673.65,673.65,673.65,673.65,733.63,733.63,733.63
181,F,2020,2020,*,DIESEL_ENAEX,CenCosVar,EtaMes,733.63,733.63,733.63,733.63,733.63,733.63,733.63,733.63,733.63,779.77,779.77,779.77
182,F,2021,2021,*,DIESEL_ENAEX,CenCosVar,EtaMes,779.77,779.77,779.77,779.77,779.77,779.77,779.77,779.77,779.77,812.07,812.07,812.07
183,F,2022,2022,*,DIESEL_ENAEX,CenCosVar,EtaMes,812.07,812.07,812.07,812.07,812.07,812.07,812.07,812.07,812.07,835.14,835.14,835.14
184,F,2023,2023,*,DIESEL_ENAEX,CenCosVar,EtaMes,835.14,835.14,835.14,835.14,835.14,835.14,835.14,835.14,835.14,853.60,853.60,853.60
185,F,2024,2024,*,DIESEL_ENAEX,CenCosVar,EtaMes,853.60,853.60,853.60,853.60,853.60,853.60,853.60,853.60,853.60,876.67,876.67,876.67
186,F,2025,2025,*,DIESEL_ENAEX,CenCosVar,EtaMes,876.67,876.67,876.67,876.67,876.67,876.67,876.67,876.67,876.67,908.97,908.97,908.97
187,F,2026,2026,*,DIESEL_ENAEX,CenCosVar,EtaMes,908.97,908.97,908.97,908.97,908.97,908.97,908.97,908.97,908.97,932.04,932.04,932.04
188,F,2027,2027,*,DIESEL_ENAEX,CenCosVar,EtaMes,932.04,932.04,932.04,932.04,932.04,932.04,932.04,932.04,932.04,955.11,955.11,955.11
189,F,2028,2028,*,DIESEL_ENAEX,CenCosVar,EtaMes,955.11,955.11,955.11,955.11,955.11,955.11,955.11,955.11,955.11,982.79,982.79,982.79
190,F,2029,2029,*,DIESEL_ENAEX,CenCosVar,EtaMes,982.79,982.79,982.79,982.79,982.79,982.79,982.79,982.79,982.79,997.92,997.92,997.92
191,F,2030,2030,*,DIESEL_ENAEX,CenCosVar,EtaMes,997.92,997.92,997.92,997.92,997.92,997.92,997.92,997.92,997.92,1028.95,1028.95,1028.95
192,F,2031,*,*,DIESEL_ENAEX,CenCosVar,EtaMes,1028.95,1028.95,1028.95,1028.95,1028.95,1028.95,1028.95,1028.95,1028.95,1028.95,1028.95,1028.95
193,F,2016,2016,*,DIESEL_ENOR,CenCosVar,EtaMes,477.95,477.95,477.95,477.95,477.95,477.95,477.95,477.95,477.95,477.95,477.95,477.95
194,F,2017,2017,*,DIESEL_ENOR,CenCosVar,EtaMes,477.95,477.95,477.95,477.95,477.95,477.95,477.95,477.95,477.95,568.76,568.76,568.76
195,F,2018,2018,*,DIESEL_ENOR,CenCosVar,EtaMes,568.76,568.76,568.76,568.76,568.76,568.76,568.76,568.76,568.76,697.81,697.81,697.81
196,F,2019,2019,*,DIESEL_ENOR,CenCosVar,EtaMes,697.81,697.81,697.81,697.81,697.81,697.81,697.81,697.81,697.81,759.94,759.94,759.94
197,F,2020,2020,*,DIESEL_ENOR,CenCosVar,EtaMes,759.94,759.94,759.94,759.94,759.94,759.94,759.94,759.94,759.94,807.73,807.73,807.73
198,F,2021,2021,*,DIESEL_ENOR,CenCosVar,EtaMes,807.73,807.73,807.73,807.73,807.73,807.73,807.73,807.73,807.73,841.19,841.19,841.19
199,F,2022,2022,*,DIESEL_ENOR,CenCosVar,EtaMes,841.19,841.19,841.19,841.19,841.19,841.19,841.19,841.19,841.19,865.09,865.09,865.09
200,F,2023,2023,*,DIESEL_ENOR,CenCosVar,EtaMes,865.09,865.09,865.09,865.09,865.09,865.09,865.09,865.09,865.09,884.21,884.21,884.21
201,F,2024,2024,*,DIESEL_ENOR,CenCosVar,EtaMes,884.21,884.21,884.21,884.21,884.21,884.21,884.21,884.21,884.21,908.10,908.10,908.10
202,F,2025,2025,*,DIESEL_ENOR,CenCosVar,EtaMes,908.10,908.10,908.10,908.10,908.10,908.10,908.10,908.10,908.10,941.56,941.56,941.56
203,F,2026,2026,*,DIESEL_ENOR,CenCosVar,EtaMes,941.56,941.56,941.56,941.56,941.56,941.56,941.56,941.56,941.56,965.46,965.46,965.46
204,F,2027,2027,*,DIESEL_ENOR,CenCosVar,EtaMes,965.46,965.46,965.46,965.46,965.46,965.46,965.46,965.46,965.46,989.35,989.35,989.35
205,F,2028,2028,*,DIESEL_ENOR,CenCosVar,EtaMes,989.35,989.35,989.35,989.35,989.35,989.35,989.35,989.35,989.35,1018.03,1018.03,1018.03
206,F,2029,2029,*,DIESEL_ENOR,CenCosVar,EtaMes,1018.03,1018.03,1018.03,1018.03,1018.03,1018.03,1018.03,1018.03,1018.03,1033.71,1033.71,1033.71
207,F,2030,2030,*,DIESEL_ENOR,CenCosVar,EtaMes,1033.71,1033.71,1033.71,1033.71,1033.71,1033.71,1033.71,1033.71,1033.71,1065.84,1065.84,1065.84
208,F,2031,*,*,DIESEL_ENOR,CenCosVar,EtaMes,1065.84,1065.84,1065.84,1065.84,1065.84,1065.84,1065.84,1065.84,1065.84,1065.84,1065.84,1065.84
209,F,2016,2016,*,DIESEL_ESTANDARTES,CenCosVar,EtaMes,477.95,477.95,477.95,477.95,477.95,477.95,477.95,477.95,477.95,477.95,477.95,477.95
210,F,2017,2017,*,DIESEL_ESTANDARTES,CenCosVar,EtaMes,477.95,477.95,477.95,477.95,477.95,477.95,477.95,477.95,477.95,568.76,568.76,568.76
211,F,2018,2018,*,DIESEL_ESTANDARTES,CenCosVar,EtaMes,568.76,568.76,568.76,568.76,568.76,568.76,568.76,568.76,568.76,697.81,697.81,697.81
212,F,2019,2019,*,DIESEL_ESTANDARTES,CenCosVar,EtaMes,697.81,697.81,697.81,697.81,697.81,697.81,697.81,697.81,697.81,759.94,759.94,759.94
213,F,2020,2020,*,DIESEL_ESTANDARTES,CenCosVar,EtaMes,759.94,759.94,759.94,759.94,759.94,759.94,759.94,759.94,759.94,807.73,807.73,807.73
214,F,2021,2021,*,DIESEL_ESTANDARTES,CenCosVar,EtaMes,807.73,807.73,807.73,807.73,807.73,807.73,807.73,807.73,807.73,841.19,841.19,841.19
215,F,2022,2022,*,DIESEL_ESTANDARTES,CenCosVar,EtaMes,841.19,841.19,841.19,841.19,841.19,841.19,841.19,841.19,841.19,865.09,865.09,865.09
216,F,2023,2023,*,DIESEL_ESTANDARTES,CenCosVar,EtaMes,865.09,865.09,865.09,865.09,865.09,865.09,865.09,865.09,865.09,884.21,884.21,884.21
217,F,2024,2024,*,DIESEL_ESTANDARTES,CenCosVar,EtaMes,884.21,884.21,884.21,884.21,884.21,884.21,884.21,884.21,884.21,908.10,908.10,908.10
218,F,2025,2025,*,DIESEL_ESTANDARTES,CenCosVar,EtaMes,908.10,908.10,908.10,908.10,908.10,908.10,908.10,908.10,908.10,941.56,941.56,941.56
219,F,2026,2026,*,DIESEL_ESTANDARTES,CenCosVar,EtaMes,941.56,941.56,941.56,941.56,941.56,941.56,941.56,941.56,941.56,965.46,965.46,965.46
220,F,2027,2027,*,DIESEL_ESTANDARTES,CenCosVar,EtaMes,965.46,965.46,965.46,965.46,965.46,965.46,965.46,965.46,965.46,989.35,989.35,989.35
221,F,2028,2028,*,DIESEL_ESTANDARTES,CenCosVar,EtaMes,989.35,989.35,989.35,989.35,989.35,989.35,989.35,989.35,989.35,1018.03,1018.03,1018.03
222,F,2029,2029,*,DIESEL_ESTANDARTES,CenCosVar,EtaMes,1018.03,1018.03,1018.03,1018.03,1018.03,1018.03,1018.03,1018.03,1018.03,1033.71,1033.71,1033.71
223,F,2030,2030,*,DIESEL_ESTANDARTES,CenCosVar,EtaMes,1033.71,1033.71,1033.71,1033.71,1033.71,1033.71,1033.71,1033.71,1033.71,1065.84,1065.84,1065.84
224,F,2031,*,*,DIESEL_ESTANDARTES,CenCosVar,EtaMes,1065.84,1065.84,1065.84,1065.84,1065.84,1065.84,1065.84,1065.84,1065.84,1065.84,1065.84,1065.84
225,F,2016,2016,*,DIESEL_INGENOVA,CenCosVar,EtaMes,478.85,478.85,478.85,478.85,478.85,478.85,478.85,478.85,478.85,478.85,478.85,478.85
226,F,2017,2017,*,DIESEL_INGENOVA,CenCosVar,EtaMes,478.85,478.85,478.85,478.85,478.85,478.85,478.85,478.85,478.85,569.83,569.83,569.83
227,F,2018,2018,*,DIESEL_INGENOVA,CenCosVar,EtaMes,569.83,569.83,569.83,569.83,569.83,569.83,569.83,569.83,569.83,699.12,699.12,699.12
228,F,2019,2019,*,DIESEL_INGENOVA,CenCosVar,EtaMes,699.12,699.12,699.12,699.12,699.12,699.12,699.12,699.12,699.12,761.37,761.37,761.37
229,F,2020,2020,*,DIESEL_INGENOVA,CenCosVar,EtaMes,761.37,761.37,761.37,761.37,761.37,761.37,761.37,761.37,761.37,809.25,809.25,809.25
230,F,2021,2021,*,DIESEL_INGENOVA,CenCosVar,EtaMes,809.25,809.25,809.25,809.25,809.25,809.25,809.25,809.25,809.25,842.77,842.77,842.77
231,F,2022,2022,*,DIESEL_INGENOVA,CenCosVar,EtaMes,842.77,842.77,842.77,842.77,842.77,842.77,842.77,842.77,842.77,866.71,866.71,866.71
232,F,2023,2023,*,DIESEL_INGENOVA,CenCosVar,EtaMes,866.71,866.71,866.71,866.71,866.71,866.71,866.71,866.71,866.71,885.87,885.87,885.87
233,F,2024,2024,*,DIESEL_INGENOVA,CenCosVar,EtaMes,885.87,885.87,885.87,885.87,885.87,885.87,885.87,885.87,885.87,909.81,909.81,909.81
234,F,2025,2025,*,DIESEL_INGENOVA,CenCosVar,EtaMes,909.81,909.81,909.81,909.81,909.81,909.81,909.81,909.81,909.81,943.33,943.33,943.33
235,F,2026,2026,*,DIESEL_INGENOVA,CenCosVar,EtaMes,943.33,943.33,943.33,943.33,943.33,943.33,943.33,943.33,943.33,967.27,967.27,967.27
236,F,2027,2027,*,DIESEL_INGENOVA,CenCosVar,EtaMes,967.27,967.27,967.27,967.27,967.27,967.27,967.27,967.27,967.27,991.21,991.21,991.21
237,F,2028,2028,*,DIESEL_INGENOVA,CenCosVar,EtaMes,991.21,991.21,991.21,991.21,991.21,991.21,991.21,991.21,991.21,1019.94,1019.94,1019.94
238,F,2029,2029,*,DIESEL_INGENOVA,CenCosVar,EtaMes,1019.94,1019.94,1019.94,1019.94,1019.94,1019.94,1019.94,1019.94,1019.94,1035.65,1035.65,1035.65
239,F,2030,2030,*,DIESEL_INGENOVA,CenCosVar,EtaMes,1035.65,1035.65,1035.65,1035.65,1035.65,1035.65,1035.65,1035.65,1035.65,1067.85,1067.85,1067.85
240,F,2031,*,*,DIESEL_INGENOVA,CenCosVar,EtaMes,1067.85,1067.85,1067.85,1067.85,1067.85,1067.85,1067.85,1067.85,1067.85,1067.85,1067.85,1067.85
241,F,2016,2016,*,DIESEL_IQUIQUE,CenCosVar,EtaMes,438.03,438.03,438.03,438.03,438.03,438.03,438.03,438.03,438.03,438.03,438.03,438.03
242,F,2017,2017,*,DIESEL_IQUIQUE,CenCosVar,EtaMes,438.03,438.03,438.03,438.03,438.03,438.03,438.03,438.03,438.03,521.25,521.25,521.25
243,F,2018,2018,*,DIESEL_IQUIQUE,CenCosVar,EtaMes,521.25,521.25,521.25,521.25,521.25,521.25,521.25,521.25,521.25,639.52,639.52,639.52
244,F,2019,2019,*,DIESEL_IQUIQUE,CenCosVar,EtaMes,639.52,639.52,639.52,639.52,639.52,639.52,639.52,639.52,639.52,696.47,696.47,696.47
245,F,2020,2020,*,DIESEL_IQUIQUE,CenCosVar,EtaMes,696.47,696.47,696.47,696.47,696.47,696.47,696.47,696.47,696.47,740.27,740.27,740.27
246,F,2021,2021,*,DIESEL_IQUIQUE,CenCosVar,EtaMes,740.27,740.27,740.27,740.27,740.27,740.27,740.27,740.27,740.27,770.93,770.93,770.93
247,F,2022,2022,*,DIESEL_IQUIQUE,CenCosVar,EtaMes,770.93,770.93,770.93,770.93,770.93,770.93,770.93,770.93,770.93,792.83,792.83,792.83
248,F,2023,2023,*,DIESEL_IQUIQUE,CenCosVar,EtaMes,792.83,792.83,792.83,792.83,792.83,792.83,792.83,792.83,792.83,810.35,810.35,810.35
249,F,2024,2024,*,DIESEL_IQUIQUE,CenCosVar,EtaMes,810.35,810.35,810.35,810.35,810.35,810.35,810.35,810.35,810.35,832.26,832.26,832.26
250,F,2025,2025,*,DIESEL_IQUIQUE,CenCosVar,EtaMes,832.26,832.26,832.26,832.26,832.26,832.26,832.26,832.26,832.26,862.92,862.92,862.92
251,F,2026,2026,*,DIESEL_IQUIQUE,CenCosVar,EtaMes,862.92,862.92,862.92,862.92,862.92,862.92,862.92,862.92,862.92,884.82,884.82,884.82
252,F,2027,2027,*,DIESEL_IQUIQUE,CenCosVar,EtaMes,884.82,884.82,884.82,884.82,884.82,884.82,884.82,884.82,884.82,906.72,906.72,906.72
253,F,2028,2028,*,DIESEL_IQUIQUE,CenCosVar,EtaMes,906.72,906.72,906.72,906.72,906.72,906.72,906.72,906.72,906.72,933.00,933.00,933.00
254,F,2029,2029,*,DIESEL_IQUIQUE,CenCosVar,EtaMes,933.00,933.00,933.00,933.00,933.00,933.00,933.00,933.00,933.00,947.37,947.37,947.37
255,F,2030,2030,*,DIESEL_IQUIQUE,CenCosVar,EtaMes,947.37,947.37,947.37,947.37,947.37,947.37,947.37,947.37,947.37,976.82,976.82,976.82
256,F,2031,*,*,DIESEL_IQUIQUE,CenCosVar,EtaMes,976.82,976.82,976.82,976.82,976.82,976.82,976.82,976.82,976.82,976.82,976.82,976.82
257,F,2016,2016,*,DIESEL_KELAR,CenCosVar,EtaMes,435.86,435.86,435.86,435.86,435.86,435.86,435.86,435.86,435.86,435.86,435.86,435.86
258,F,2017,2017,*,DIESEL_KELAR,CenCosVar,EtaMes,435.86,435.86,435.86,435.86,435.86,435.86,435.86,435.86,435.86,518.67,518.67,518.67
259,F,2018,2018,*,DIESEL_KELAR,CenCosVar,EtaMes,518.67,518.67,518.67,518.67,518.67,518.67,518.67,518.67,518.67,636.35,636.35,636.35
260,F,2019,2019,*,DIESEL_KELAR,CenCosVar,EtaMes,636.35,636.35,636.35,636.35,636.35,636.35,636.35,636.35,636.35,693.01,693.01,693.01
261,F,2020,2020,*,DIESEL_KELAR,CenCosVar,EtaMes,693.01,693.01,693.01,693.01,693.01,693.01,693.01,693.01,693.01,736.60,736.60,736.60
262,F,2021,2021,*,DIESEL_KELAR,CenCosVar,EtaMes,736.60,736.60,736.60,736.60,736.60,736.60,736.60,736.60,736.60,767.11,767.11,767.11
263,F,2022,2022,*,DIESEL_KELAR,CenCosVar,EtaMes,767.11,767.11,767.11,767.11,767.11,767.11,767.11,767.11,767.11,788.90,788.90,788.90
264,F,2023,2023,*,DIESEL_KELAR,CenCosVar,EtaMes,788.90,788.90,788.90,788.90,788.90,788.90,788.90,788.90,788.90,806.33,806.33,806.33
265,F,2024,2024,*,DIESEL_KELAR,CenCosVar,EtaMes,806.33,806.33,806.33,806.33,806.33,806.33,806.33,806.33,806.33,828.13,828.13,828.13
266,F,2025,2025,*,DIESEL_KELAR,CenCosVar,EtaMes,828.13,828.13,828.13,828.13,828.13,828.13,828.13,828.13,828.13,858.64,858.64,858.64
267,F,2026,2026,*,DIESEL_KELAR,CenCosVar,EtaMes,858.64,858.64,858.64,858.64,858.64,858.64,858.64,858.64,858.64,880.43,880.43,880.43
268,F,2027,2027,*,DIESEL_KELAR,CenCosVar,EtaMes,880.43,880.43,880.43,880.43,880.43,880.43,880.43,880.43,880.43,902.22,902.22,902.22
269,F,2028,2028,*,DIESEL_KELAR,CenCosVar,EtaMes,902.22,902.22,902.22,902.22,902.22,902.22,902.22,902.22,902.22,928.37,928.37,928.37
270,F,2029,2029,*,DIESEL_KELAR,CenCosVar,EtaMes,928.37,928.37,928.37,928.37,928.37,928.37,928.37,928.37,928.37,942.67,942.67,942.67
271,F,2030,2030,*,DIESEL_KELAR,CenCosVar,EtaMes,942.67,942.67,942.67,942.67,942.67,942.67,942.67,942.67,942.67,971.97,971.97,971.97
272,F,2031,*,*,DIESEL_KELAR,CenCosVar,EtaMes,971.97,971.97,971.97,971.97,971.97,971.97,971.97,971.97,971.97,971.97,971.97,971.97
273,F,2016,2016,*,DIESEL_MEJILLONES,CenCosVar,EtaMes,442.17,442.17,442.17,442.17,442.17,442.17,442.17,442.17,442.17,442.17,442.17,442.17
274,F,2017,2017,*,DIESEL_MEJILLONES,CenCosVar,EtaMes,442.17,442.17,442.17,442.17,442.17,442.17,442.17,442.17,442.17,526.19,526.19,526.19
275,F,2018,2018,*,DIESEL_MEJILLONES,CenCosVar,EtaMes,526.19,526.19,526.19,526.19,526.19,526.19,526.19,526.19,526.19,645.57,645.57,645.57
276,F,2019,2019,*,DIESEL_MEJILLONES,CenCosVar,EtaMes,645.57,645.57,645.57,645.57,645.57,645.57,645.57,645.57,645.57,703.05,703.05,703.05
277,F,2020,2020,*,DIESEL_MEJILLONES,CenCosVar,EtaMes,703.05,703.05,703.05,703.05,703.05,703.05,703.05,703.05,703.05,747.27,747.27,747.27
278,F,2021,2021,*,DIESEL_MEJILLONES,CenCosVar,EtaMes,747.27,747.27,747.27,747.27,747.27,747.27,747.27,747.27,747.27,778.22,778.22,778.22
279,F,2022,2022,*,DIESEL_MEJILLONES,CenCosVar,EtaMes,778.22,778.22,778.22,778.22,778.22,778.22,778.22,778.22,778.22,800.33,800.33,800.33
280,F,2023,2023,*,DIESEL_MEJILLONES,CenCosVar,EtaMes,800.33,800.33,800.33,800.33,800.33,800.33,800.33,800.33,800.33,818.02,818.02,818.02
281,F,2024,2024,*,DIESEL_MEJILLONES,CenCosVar,EtaMes,818.02,818.02,818.02,818.02,818.02,818.02,818.02,818.02,818.02,840.13,840.13,840.13
282,F,2025,2025,*,DIESEL_MEJILLONES,CenCosVar,EtaMes,840.13,840.13,840.13,840.13,840.13,840.13,840.13,840.13,840.13,871.08,871.08,871.08
283,F,2026,2026,*,DIESEL_MEJILLONES,CenCosVar,EtaMes,871.08,871.08,871.08,871.08,871.08,871.08,871.08,871.08,871.08,893.19,893.19,893.19
284,F,2027,2027,*,DIESEL_MEJILLONES,CenCosVar,EtaMes,893.19,893.19,893.19,893.19,893.19,893.19,893.19,893.19,893.19,915.30,915.30,915.30
285,F,2028,2028,*,DIESEL_MEJILLONES,CenCosVar,EtaMes,915.30,915.30,915.30,915.30,915.30,915.30,915.30,915.30,915.30,941.83,941.83,941.83
286,F,2029,2029,*,DIESEL_MEJILLONES,CenCosVar,EtaMes,941.83,941.83,941.83,941.83,941.83,941.83,941.83,941.83,941.83,956.33,956.33,956.33
287,F,2030,2030,*,DIESEL_MEJILLONES,CenCosVar,EtaMes,956.33,956.33,956.33,956.33,956.33,956.33,956.33,956.33,956.33,986.06,986.06,986.06
288,F,2031,*,*,DIESEL_MEJILLONES,CenCosVar,EtaMes,986.06,986.06,986.06,986.06,986.06,986.06,986.06,986.06,986.06,986.06,986.06,986.06
289,F,2016,2016,*,DIESEL_PORTADA,CenCosVar,EtaMes,531.59,531.59,531.59,531.59,531.59,531.59,531.59,531.59,531.59,531.59,531.59,531.59
290,F,2017,2017,*,DIESEL_PORTADA,CenCosVar,EtaMes,531.59,531.59,531.59,531.59,531.59,531.59,531.59,531.59,531.59,632.59,632.59,632.59
291,F,2018,2018,*,DIESEL_PORTADA,CenCosVar,EtaMes,632.59,632.59,632.59,632.59,632.59,632.59,632.59,632.59,632.59,776.12,776.12,776.12
292,F,2019,2019,*,DIESEL_PORTADA,CenCosVar,EtaMes,776.12,776.12,776.12,776.12,776.12,776.12,776.12,776.12,776.12,845.23,845.23,845.23
293,F,2020,2020,*,DIESEL_PORTADA,CenCosVar,EtaMes,845.23,845.23,845.23,845.23,845.23,845.23,845.23,845.23,845.23,898.39,898.39,898.39
294,F,2021,2021,*,DIESEL_PORTADA,CenCosVar,EtaMes,898.39,898.39,898.39,898.39,898.39,898.39,898.39,898.39,898.39,935.60,935.60,935.60
295,F,2022,2022,*,DIESEL_PORTADA,CenCosVar,EtaMes,935.60,935.60,935.60,935.60,935.60,935.60,935.60,935.60,935.60,962.18,962.18,962.18
296,F,2023,2023,*,DIESEL_PORTADA,CenCosVar,EtaMes,962.18,962.18,962.18,962.18,962.18,962.18,962.18,962.18,962.18,983.44,983.44,983.44
297,F,2024,2024,*,DIESEL_PORTADA,CenCosVar,EtaMes,983.44,983.44,983.44,983.44,983.44,983.44,983.44,983.44,983.44,1010.02,1010.02,1010.02
298,F,2025,2025,*,DIESEL_PORTADA,CenCosVar,EtaMes,1010.02,1010.02,1010.02,1010.02,1010.02,1010.02,1010.02,1010.02,1010.02,1047.23,1047.23,1047.23
299,F,2026,2026,*,DIESEL_PORTADA,CenCosVar,EtaMes,1047.23,1047.23,1047.23,1047.23,1047.23,1047.23,1047.23,1047.23,1047.23,1073.81,1073.81,1073.81
300,F,2027,2027,*,DIESEL_PORTADA,CenCosVar,EtaMes,1073.81,1073.81,1073.81,1073.81,1073.81,1073.81,1073.81,1073.81,1073.81,1100.39,1100.39,1100.39
301,F,2028,2028,*,DIESEL_PORTADA,CenCosVar,EtaMes,1100.39,1100.39,1100.39,1100.39,1100.39,1100.39,1100.39,1100.39,1100.39,1132.29,1132.29,1132.29
302,F,2029,2029,*,DIESEL_PORTADA,CenCosVar,EtaMes,1132.29,1132.29,1132.29,1132.29,1132.29,1132.29,1132.29,1132.29,1132.29,1149.72,1149.72,1149.72
303,F,2030,2030,*,DIESEL_PORTADA,CenCosVar,EtaMes,1149.72,1149.72,1149.72,1149.72,1149.72,1149.72,1149.72,1149.72,1149.72,1185.47,1185.47,1185.47
304,F,2031,*,*,DIESEL_PORTADA,CenCosVar,EtaMes,1185.47,1185.47,1185.47,1185.47,1185.47,1185.47,1185.47,1185.47,1185.47,1185.47,1185.47,1185.47
305,F,2016,2016,*,DIESEL_TARAPACA,CenCosVar,EtaMes,452.31,452.31,452.31,452.31,452.31,452.31,452.31,452.31,452.31,452.31,452.31,452.31
306,F,2017,2017,*,DIESEL_TARAPACA,CenCosVar,EtaMes,452.31,452.31,452.31,452.31,452.31,452.31,452.31,452.31,452.31,538.25,538.25,538.25
307,F,2018,2018,*,DIESEL_TARAPACA,CenCosVar,EtaMes,538.25,538.25,538.25,538.25,538.25,538.25,538.25,538.25,538.25,660.38,660.38,660.38
308,F,2019,2019,*,DIESEL_TARAPACA,CenCosVar,EtaMes,660.38,660.38,660.38,660.38,660.38,660.38,660.38,660.38,660.38,719.18,719.18,719.18
309,F,2020,2020,*,DIESEL_TARAPACA,CenCosVar,EtaMes,719.18,719.18,719.18,719.18,719.18,719.18,719.18,719.18,719.18,764.41,764.41,764.41
310,F,2021,2021,*,DIESEL_TARAPACA,CenCosVar,EtaMes,764.41,764.41,764.41,764.41,764.41,764.41,764.41,764.41,764.41,796.07,796.07,796.07
311,F,2022,2022,*,DIESEL_TARAPACA,CenCosVar,EtaMes,796.07,796.07,796.07,796.07,796.07,796.07,796.07,796.07,796.07,818.68,818.68,818.68
312,F,2023,2023,*,DIESEL_TARAPACA,CenCosVar,EtaMes,818.68,818.68,818.68,818.68,818.68,818.68,818.68,818.68,818.68,836.78,836.78,836.78
313,F,2024,2024,*,DIESEL_TARAPACA,CenCosVar,EtaMes,836.78,836.78,836.78,836.78,836.78,836.78,836.78,836.78,836.78,859.39,859.39,859.39
314,F,2025,2025,*,DIESEL_TARAPACA,CenCosVar,EtaMes,859.39,859.39,859.39,859.39,859.39,859.39,859.39,859.39,859.39,891.05,891.05,891.05
315,F,2026,2026,*,DIESEL_TARAPACA,CenCosVar,EtaMes,891.05,891.05,891.05,891.05,891.05,891.05,891.05,891.05,891.05,913.67,913.67,913.67
316,F,2027,2027,*,DIESEL_TARAPACA,CenCosVar,EtaMes,913.67,913.67,913.67,913.67,913.67,913.67,913.67,913.67,913.67,936.29,936.29,936.29
317,F,2028,2028,*,DIESEL_TARAPACA,CenCosVar,EtaMes,936.29,936.29,936.29,936.29,936.29,936.29,936.29,936.29,936.29,963.42,963.42,963.42
318,F,2029,2029,*,DIESEL_TARAPACA,CenCosVar,EtaMes,963.42,963.42,963.42,963.42,963.42,963.42,963.42,963.42,963.42,978.26,978.26,978.26
319,F,2030,2030,*,DIESEL_TARAPACA,CenCosVar,EtaMes,978.26,978.26,978.26,978.26,978.26,978.26,978.26,978.26,978.26,1008.67,1008.67,1008.67
320,F,2031,*,*,DIESEL_TARAPACA,CenCosVar,EtaMes,1008.67,1008.67,1008.67,1008.67,1008.67,1008.67,1008.67,1008.67,1008.67,1008.67,1008.67,1008.67
321,F,2016,2016,*,DIESEL_TOCOPILLA,CenCosVar,EtaMes,443.68,443.68,443.68,443.68,443.68,443.68,443.68,443.68,443.68,443.68,443.68,443.68
322,F,2017,2017,*,DIESEL_TOCOPILLA,CenCosVar,EtaMes,443.68,443.68,443.68,443.68,443.68,443.68,443.68,443.68,443.68,527.98,527.98,527.98
323,F,2018,2018,*,DIESEL_TOCOPILLA,CenCosVar,EtaMes,527.98,527.98,527.98,527.98,527.98,527.98,527.98,527.98,527.98,647.77,647.77,647.77
324,F,2019,2019,*,DIESEL_TOCOPILLA,CenCosVar,EtaMes,647.77,647.77,647.77,647.77,647.77,647.77,647.77,647.77,647.77,705.45,705.45,705.45
325,F,2020,2020,*,DIESEL_TOCOPILLA,CenCosVar,EtaMes,705.45,705.45,705.45,705.45,705.45,705.45,705.45,705.45,705.45,749.82,749.82,749.82
326,F,2021,2021,*,DIESEL_TOCOPILLA,CenCosVar,EtaMes,749.82,749.82,749.82,749.82,749.82,749.82,749.82,749.82,749.82,780.88,780.88,780.88
327,F,2022,2022,*,DIESEL_TOCOPILLA,CenCosVar,EtaMes,780.88,780.88,780.88,780.88,780.88,780.88,780.88,780.88,780.88,803.06,803.06,803.06
328,F,2023,2023,*,DIESEL_TOCOPILLA,CenCosVar,EtaMes,803.06,803.06,803.06,803.06,803.06,803.06,803.06,803.06,803.06,820.81,820.81,820.81
329,F,2024,2024,*,DIESEL_TOCOPILLA,CenCosVar,EtaMes,820.81,820.81,820.81,820.81,820.81,820.81,820.81,820.81,820.81,842.99,842.99,842.99
330,F,2025,2025,*,DIESEL_TOCOPILLA,CenCosVar,EtaMes,842.99,842.99,842.99,842.99,842.99,842.99,842.99,842.99,842.99,874.05,874.05,874.05
331,F,2026,2026,*,DIESEL_TOCOPILLA,CenCosVar,EtaMes,874.05,874.05,874.05,874.05,874.05,874.05,874.05,874.05,874.05,896.23,896.23,896.23
332,F,2027,2027,*,DIESEL_TOCOPILLA,CenCosVar,EtaMes,896.23,896.23,896.23,896.23,896.23,896.23,896.23,896.23,896.23,918.42,918.42,918.42
333,F,2028,2028,*,DIESEL_TOCOPILLA,CenCosVar,EtaMes,918.42,918.42,918.42,918.42,918.42,918.42,918.42,918.42,918.42,945.04,945.04,945.04
334,F,2029,2029,*,DIESEL_TOCOPILLA,CenCosVar,EtaMes,945.04,945.04,945.04,945.04,945.04,945.04,945.04,945.04,945.04,959.59,959.59,959.59
335,F,2030,2030,*,DIESEL_TOCOPILLA,CenCosVar,EtaMes,959.59,959.59,959.59,959.59,959.59,959.59,959.59,959.59,959.59,989.42,989.42,989.42
336,F,2031,*,*,DIESEL_TOCOPILLA,CenCosVar,EtaMes,989.42,989.42,989.42,989.42,989.42,989.42,989.42,989.42,989.42,989.42,989.42,989.42
337,F,2016,2016,*,DIESEL_UJINA,CenCosVar,EtaMes,374.79,374.79,374.79,374.79,374.79,374.79,374.79,374.79,374.79,374.79,374.79,374.79
338,F,2017,2017,*,DIESEL_UJINA,CenCosVar,EtaMes,374.79,374.79,374.79,374.79,374.79,374.79,374.79,374.79,374.79,446.00,446.00,446.00
339,F,2018,2018,*,DIESEL_UJINA,CenCosVar,EtaMes,446.00,446.00,446.00,446.00,446.00,446.00,446.00,446.00,446.00,547.20,547.20,547.20
340,F,2019,2019,*,DIESEL_UJINA,CenCosVar,EtaMes,547.20,547.20,547.20,547.20,547.20,547.20,547.20,547.20,547.20,595.92,595.92,595.92
341,F,2020,2020,*,DIESEL_UJINA,CenCosVar,EtaMes,595.92,595.92,595.92,595.92,595.92,595.92,595.92,595.92,595.92,633.40,633.40,633.40
342,F,2021,2021,*,DIESEL_UJINA,CenCosVar,EtaMes,633.40,633.40,633.40,633.40,633.40,633.40,633.40,633.40,633.40,659.64,659.64,659.64
343,F,2022,2022,*,DIESEL_UJINA,CenCosVar,EtaMes,659.64,659.64,659.64,659.64,659.64,659.64,659.64,659.64,659.64,678.37,678.37,678.37
344,F,2023,2023,*,DIESEL_UJINA,CenCosVar,EtaMes,678.37,678.37,678.37,678.37,678.37,678.37,678.37,678.37,678.37,693.37,693.37,693.37
345,F,2024,2024,*,DIESEL_UJINA,CenCosVar,EtaMes,693.37,693.37,693.37,693.37,693.37,693.37,693.37,693.37,693.37,712.11,712.11,712.11
346,F,2025,2025,*,DIESEL_UJINA,CenCosVar,EtaMes,712.11,712.11,712.11,712.11,712.11,712.11,712.11,712.11,712.11,738.34,738.34,738.34
347,F,2026,2026,*,DIESEL_UJINA,CenCosVar,EtaMes,738.34,738.34,738.34,738.34,738.34,738.34,738.34,738.34,738.34,757.08,757.08,757.08
348,F,2027,2027,*,DIESEL_UJINA,CenCosVar,EtaMes,757.08,757.08,757.08,757.08,757.08,757.08,757.08,757.08,757.08,775.82,775.82,775.82
349,F,2028,2028,*,DIESEL_UJINA,CenCosVar,EtaMes,775.82,775.82,775.82,775.82,775.82,775.82,775.82,775.82,775.82,798.31,798.31,798.31
350,F,2029,2029,*,DIESEL_UJINA,CenCosVar,EtaMes,798.31,798.31,798.31,798.31,798.31,798.31,798.31,798.31,798.31,810.60,810.60,810.60
351,F,2030,2030,*,DIESEL_UJINA,CenCosVar,EtaMes,810.60,810.60,810.60,810.60,810.60,810.60,810.60,810.60,810.60,835.80,835.80,835.80
352,F,2031,*,*,DIESEL_UJINA,CenCosVar,EtaMes,835.80,835.80,835.80,835.80,835.80,835.80,835.80,835.80,835.80,835.80,835.80,835.80
353,F,2016,2016,*,DIESEL-FUEL_MAIQ_IQUIQUE,CenCosVar,EtaMes,438.03,438.03,438.03,438.03,438.03,438.03,438.03,438.03,438.03,438.03,438.03,438.03
354,F,2017,2017,*,DIESEL-FUEL_MAIQ_IQUIQUE,CenCosVar,EtaMes,438.03,438.03,438.03,438.03,438.03,438.03,438.03,438.03,438.03,521.25,521.25,521.25
355,F,2018,2018,*,DIESEL-FUEL_MAIQ_IQUIQUE,CenCosVar,EtaMes,521.25,521.25,521.25,521.25,521.25,521.25,521.25,521.25,521.25,639.52,639.52,639.52
356,F,2019,2019,*,DIESEL-FUEL_MAIQ_IQUIQUE,CenCosVar,EtaMes,639.52,639.52,639.52,639.52,639.52,639.52,639.52,639.52,639.52,696.47,696.47,696.47
357,F,2020,2020,*,DIESEL-FUEL_MAIQ_IQUIQUE,CenCosVar,EtaMes,696.47,696.47,696.47,696.47,696.47,696.47,696.47,696.47,696.47,740.27,740.27,740.27
358,F,2021,2021,*,DIESEL-FUEL_MAIQ_IQUIQUE,CenCosVar,EtaMes,740.27,740.27,740.27,740.27,740.27,740.27,740.27,740.27,740.27,770.93,770.93,770.93
359,F,2022,2022,*,DIESEL-FUEL_MAIQ_IQUIQUE,CenCosVar,EtaMes,770.93,770.93,770.93,770.93,770.93,770.93,770.93,770.93,770.93,792.83,792.83,792.83
360,F,2023,2023,*,DIESEL-FUEL_MAIQ_IQUIQUE,CenCosVar,EtaMes,792.83,792.83,792.83,792.83,792.83,792.83,792.83,792.83,792.83,810.35,810.35,810.35
361,F,2024,2024,*,DIESEL-FUEL_MAIQ_IQUIQUE,CenCosVar,EtaMes,810.35,810.35,810.35,810.35,810.35,810.35,810.35,810.35,810.35,832.26,832.26,832.26
362,F,2025,2025,*,DIESEL-FUEL_MAIQ_IQUIQUE,CenCosVar,EtaMes,832.26,832.26,832.26,832.26,832.26,832.26,832.26,832.26,832.26,862.92,862.92,862.92
363,F,2026,2026,*,DIESEL-FUEL_MAIQ_IQUIQUE,CenCosVar,EtaMes,862.92,862.92,862.92,862.92,862.92,862.92,862.92,862.92,862.92,884.82,884.82,884.82
364,F,2027,2027,*,DIESEL-FUEL_MAIQ_IQUIQUE,CenCosVar,EtaMes,884.82,884.82,884.82,884.82,884.82,884.82,884.82,884.82,884.82,906.72,906.72,906.72
365,F,2028,2028,*,DIESEL-FUEL_MAIQ_IQUIQUE,CenCosVar,EtaMes,906.72,906.72,906.72,906.72,906.72,906.72,906.72,906.72,906.72,933.00,933.00,933.00
366,F,2029,2029,*,DIESEL-FUEL_MAIQ_IQUIQUE,CenCosVar,EtaMes,933.00,933.00,933.00,933.00,933.00,933.00,933.00,933.00,933.00,947.37,947.37,947.37
367,F,2030,2030,*,DIESEL-FUEL_MAIQ_IQUIQUE,CenCosVar,EtaMes,947.37,947.37,947.37,947.37,947.37,947.37,947.37,947.37,947.37,976.82,976.82,976.82
368,F,2031,*,*,DIESEL-FUEL_MAIQ_IQUIQUE,CenCosVar,EtaMes,976.82,976.82,976.82,976.82,976.82,976.82,976.82,976.82,976.82,976.82,976.82,976.82
369,F,2016,2016,*,DIESEL-FUEL_MANTOS BLANCOS,CenCosVar,EtaMes,516.40,516.40,516.40,516.40,516.40,516.40,516.40,516.40,516.40,516.40,516.40,516.40
370,F,2017,2017,*,DIESEL-FUEL_MANTOS BLANCOS,CenCosVar,EtaMes,516.40,516.40,516.40,516.40,516.40,516.40,516.40,516.40,516.40,614.51,614.51,614.51
371,F,2018,2018,*,DIESEL-FUEL_MANTOS BLANCOS,CenCosVar,EtaMes,614.51,614.51,614.51,614.51,614.51,614.51,614.51,614.51,614.51,753.94,753.94,753.94
372,F,2019,2019,*,DIESEL-FUEL_MANTOS BLANCOS,CenCosVar,EtaMes,753.94,753.94,753.94,753.94,753.94,753.94,753.94,753.94,753.94,821.07,821.07,821.07
373,F,2020,2020,*,DIESEL-FUEL_MANTOS BLANCOS,CenCosVar,EtaMes,821.07,821.07,821.07,821.07,821.07,821.07,821.07,821.07,821.07,872.71,872.71,872.71
374,F,2021,2021,*,DIESEL-FUEL_MANTOS BLANCOS,CenCosVar,EtaMes,872.71,872.71,872.71,872.71,872.71,872.71,872.71,872.71,872.71,908.86,908.86,908.86
375,F,2022,2022,*,DIESEL-FUEL_MANTOS BLANCOS,CenCosVar,EtaMes,908.86,908.86,908.86,908.86,908.86,908.86,908.86,908.86,908.86,934.68,934.68,934.68
376,F,2023,2023,*,DIESEL-FUEL_MANTOS BLANCOS,CenCosVar,EtaMes,934.68,934.68,934.68,934.68,934.68,934.68,934.68,934.68,934.68,955.34,955.34,955.34
377,F,2024,2024,*,DIESEL-FUEL_MANTOS BLANCOS,CenCosVar,EtaMes,955.34,955.34,955.34,955.34,955.34,955.34,955.34,955.34,955.34,981.16,981.16,981.16
378,F,2025,2025,*,DIESEL-FUEL_MANTOS BLANCOS,CenCosVar,EtaMes,981.16,981.16,981.16,981.16,981.16,981.16,981.16,981.16,981.16,1017.30,1017.30,1017.30
379,F,2026,2026,*,DIESEL-FUEL_MANTOS BLANCOS,CenCosVar,EtaMes,1017.30,1017.30,1017.30,1017.30,1017.30,1017.30,1017.30,1017.30,1017.30,1043.12,1043.12,1043.12
380,F,2027,2027,*,DIESEL-FUEL_MANTOS BLANCOS,CenCosVar,EtaMes,1043.12,1043.12,1043.12,1043.12,1043.12,1043.12,1043.12,1043.12,1043.12,1068.94,1068.94,1068.94
381,F,2028,2028,*,DIESEL-FUEL_MANTOS BLANCOS,CenCosVar,EtaMes,1068.94,1068.94,1068.94,1068.94,1068.94,1068.94,1068.94,1068.94,1068.94,1099.93,1099.93,1099.93
382,F,2029,2029,*,DIESEL-FUEL_MANTOS BLANCOS,CenCosVar,EtaMes,1099.93,1099.93,1099.93,1099.93,1099.93,1099.93,1099.93,1099.93,1099.93,1116.86,1116.86,1116.86
383,F,2030,2030,*,DIESEL-FUEL_MANTOS BLANCOS,CenCosVar,EtaMes,1116.86,1116.86,1116.86,1116.86,1116.86,1116.86,1116.86,1116.86,1116.86,1151.58,1151.58,1151.58
384,F,2031,*,*,DIESEL-FUEL_MANTOS BLANCOS,CenCosVar,EtaMes,1151.58,1151.58,1151.58,1151.58,1151.58,1151.58,1151.58,1151.58,1151.58,1151.58,1151.58,1151.58
385,F,2016,2016,*,DIESEL-FUEL_MSIQ_IQUIQUE,CenCosVar,EtaMes,438.03,438.03,438.03,438.03,438.03,438.03,438.03,438.03,438.03,438.03,438.03,438.03
386,F,2017,2017,*,DIESEL-FUEL_MSIQ_IQUIQUE,CenCosVar,EtaMes,438.03,438.03,438.03,438.03,438.03,438.03,438.03,438.03,438.03,521.25,521.25,521.25
387,F,2018,2018,*,DIESEL-FUEL_MSIQ_IQUIQUE,CenCosVar,EtaMes,521.25,521.25,521.25,521.25,521.25,521.25,521.25,521.25,521.25,639.52,639.52,639.52
388,F,2019,2019,*,DIESEL-FUEL_MSIQ_IQUIQUE,CenCosVar,EtaMes,639.52,639.52,639.52,639.52,639.52,639.52,639.52,639.52,639.52,696.47,696.47,696.47
389,F,2020,2020,*,DIESEL-FUEL_MSIQ_IQUIQUE,CenCosVar,EtaMes,696.47,696.47,696.47,696.47,696.47,696.47,696.47,696.47,696.47,740.27,740.27,740.27
390,F,2021,2021,*,DIESEL-FUEL_MSIQ_IQUIQUE,CenCosVar,EtaMes,740.27,740.27,740.27,740.27,740.27,740.27,740.27,740.27,740.27,770.93,770.93,770.93
391,F,2022,2022,*,DIESEL-FUEL_MSIQ_IQUIQUE,CenCosVar,EtaMes,770.93,770.93,770.93,770.93,770.93,770.93,770.93,770.93,770.93,792.83,792.83,792.83
392,F,2023,2023,*,DIESEL-FUEL_MSIQ_IQUIQUE,CenCosVar,EtaMes,792.83,792.83,792.83,792.83,792.83,792.83,792.83,792.83,792.83,810.35,810.35,810.35
393,F,2024,2024,*,DIESEL-FUEL_MSIQ_IQUIQUE,CenCosVar,EtaMes,810.35,810.35,810.35,810.35,810.35,810.35,810.35,810.35,810.35,832.26,832.26,832.26
394,F,2025,2025,*,DIESEL-FUEL_MSIQ_IQUIQUE,CenCosVar,EtaMes,832.26,832.26,832.26,832.26,832.26,832.26,832.26,832.26,832.26,862.92,862.92,862.92
395,F,2026,2026,*,DIESEL-FUEL_MSIQ_IQUIQUE,CenCosVar,EtaMes,862.92,862.92,862.92,862.92,862.92,862.92,862.92,862.92,862.92,884.82,884.82,884.82
396,F,2027,2027,*,DIESEL-FUEL_MSIQ_IQUIQUE,CenCosVar,EtaMes,884.82,884.82,884.82,884.82,884.82,884.82,884.82,884.82,884.82,906.72,906.72,906.72
397,F,2028,2028,*,DIESEL-FUEL_MSIQ_IQUIQUE,CenCosVar,EtaMes,906.72,906.72,906.72,906.72,906.72,906.72,906.72,906.72,906.72,933.00,933.00,933.00
398,F,2029,2029,*,DIESEL-FUEL_MSIQ_IQUIQUE,CenCosVar,EtaMes,933.00,933.00,933.00,933.00,933.00,933.00,933.00,933.00,933.00,947.37,947.37,947.37
399,F,2030,2030,*,DIESEL-FUEL_MSIQ_IQUIQUE,CenCosVar,EtaMes,947.37,947.37,947.37,947.37,947.37,947.37,947.37,947.37,947.37,976.82,976.82,976.82
400,F,2031,*,*,DIESEL-FUEL_MSIQ_IQUIQUE,CenCosVar,EtaMes,976.82,976.82,976.82,976.82,976.82,976.82,976.82,976.82,976.82,976.82,976.82,976.82
401,F,2016,2016,*,FUEL_INACAL,CenCosVar,EtaMes,415.97,415.97,415.97,415.97,415.97,415.97,415.97,415.97,415.97,415.97,415.97,415.97
402,F,2017,2017,*,FUEL_INACAL,CenCosVar,EtaMes,415.97,415.97,415.97,415.97,415.97,415.97,415.97,415.97,415.97,495.01,495.01,495.01
403,F,2018,2018,*,FUEL_INACAL,CenCosVar,EtaMes,495.01,495.01,495.01,495.01,495.01,495.01,495.01,495.01,495.01,607.32,607.32,607.32
404,F,2019,2019,*,FUEL_INACAL,CenCosVar,EtaMes,607.32,607.32,607.32,607.32,607.32,607.32,607.32,607.32,607.32,661.40,661.40,661.40
405,F,2020,2020,*,FUEL_INACAL,CenCosVar,EtaMes,661.40,661.40,661.40,661.40,661.40,661.40,661.40,661.40,661.40,703.00,703.00,703.00
406,F,2021,2021,*,FUEL_INACAL,CenCosVar,EtaMes,703.00,703.00,703.00,703.00,703.00,703.00,703.00,703.00,703.00,732.12,732.12,732.12
407,F,2022,2022,*,FUEL_INACAL,CenCosVar,EtaMes,732.12,732.12,732.12,732.12,732.12,732.12,732.12,732.12,732.12,752.91,752.91,752.91
408,F,2023,2023,*,FUEL_INACAL,CenCosVar,EtaMes,752.91,752.91,752.91,752.91,752.91,752.91,752.91,752.91,752.91,769.55,769.55,769.55
409,F,2024,2024,*,FUEL_INACAL,CenCosVar,EtaMes,769.55,769.55,769.55,769.55,769.55,769.55,769.55,769.55,769.55,790.35,790.35,790.35
410,F,2025,2025,*,FUEL_INACAL,CenCosVar,EtaMes,790.35,790.35,790.35,790.35,790.35,790.35,790.35,790.35,790.35,819.47,819.47,819.47
411,F,2026,2026,*,FUEL_INACAL,CenCosVar,EtaMes,819.47,819.47,819.47,819.47,819.47,819.47,819.47,819.47,819.47,840.27,840.27,840.27
412,F,2027,2027,*,FUEL_INACAL,CenCosVar,EtaMes,840.27,840.27,840.27,840.27,840.27,840.27,840.27,840.27,840.27,861.07,861.07,861.07
413,F,2028,2028,*,FUEL_INACAL,CenCosVar,EtaMes,861.07,861.07,861.07,861.07,861.07,861.07,861.07,861.07,861.07,886.03,886.03,886.03
414,F,2029,2029,*,FUEL_INACAL,CenCosVar,EtaMes,886.03,886.03,886.03,886.03,886.03,886.03,886.03,886.03,886.03,899.67,899.67,899.67
415,F,2030,2030,*,FUEL_INACAL,CenCosVar,EtaMes,899.67,899.67,899.67,899.67,899.67,899.67,899.67,899.67,899.67,927.64,927.64,927.64
416,F,2031,*,*,FUEL_INACAL,CenCosVar,EtaMes,927.64,927.64,927.64,927.64,927.64,927.64,927.64,927.64,927.64,927.64,927.64,927.64
417,F,2016,2016,*,FUEL_TAMAYA,CenCosVar,EtaMes,359.79,359.79,359.79,359.79,359.79,359.79,359.79,359.79,359.79,359.79,359.79,359.79
418,F,2017,2017,*,FUEL_TAMAYA,CenCosVar,EtaMes,359.79,359.79,359.79,359.79,359.79,359.79,359.79,359.79,359.79,428.16,428.16,428.16
419,F,2018,2018,*,FUEL_TAMAYA,CenCosVar,EtaMes,428.16,428.16,428.16,428.16,428.16,428.16,428.16,428.16,428.16,525.30,525.30,525.30
420,F,2019,2019,*,FUEL_TAMAYA,CenCosVar,EtaMes,525.30,525.30,525.30,525.30,525.30,525.30,525.30,525.30,525.30,572.07,572.07,572.07
421,F,2020,2020,*,FUEL_TAMAYA,CenCosVar,EtaMes,572.07,572.07,572.07,572.07,572.07,572.07,572.07,572.07,572.07,608.05,608.05,608.05
422,F,2021,2021,*,FUEL_TAMAYA,CenCosVar,EtaMes,608.05,608.05,608.05,608.05,608.05,608.05,608.05,608.05,608.05,633.24,633.24,633.24
423,F,2022,2022,*,FUEL_TAMAYA,CenCosVar,EtaMes,633.24,633.24,633.24,633.24,633.24,633.24,633.24,633.24,633.24,651.23,651.23,651.23
424,F,2023,2023,*,FUEL_TAMAYA,CenCosVar,EtaMes,651.23,651.23,651.23,651.23,651.23,651.23,651.23,651.23,651.23,665.62,665.62,665.62
425,F,2024,2024,*,FUEL_TAMAYA,CenCosVar,EtaMes,665.62,665.62,665.62,665.62,665.62,665.62,665.62,665.62,665.62,683.61,683.61,683.61
426,F,2025,2025,*,FUEL_TAMAYA,CenCosVar,EtaMes,683.61,683.61,683.61,683.61,683.61,683.61,683.61,683.61,683.61,708.80,708.80,708.80
427,F,2026,2026,*,FUEL_TAMAYA,CenCosVar,EtaMes,708.80,708.80,708.80,708.80,708.80,708.80,708.80,708.80,708.80,726.78,726.78,726.78
428,F,2027,2027,*,FUEL_TAMAYA,CenCosVar,EtaMes,726.78,726.78,726.78,726.78,726.78,726.78,726.78,726.78,726.78,744.77,744.77,744.77
429,F,2028,2028,*,FUEL_TAMAYA,CenCosVar,EtaMes,744.77,744.77,744.77,744.77,744.77,744.77,744.77,744.77,744.77,766.36,766.36,766.36
430,F,2029,2029,*,FUEL_TAMAYA,CenCosVar,EtaMes,766.36,766.36,766.36,766.36,766.36,766.36,766.36,766.36,766.36,778.16,778.16,778.16
431,F,2030,2030,*,FUEL_TAMAYA,CenCosVar,EtaMes,778.16,778.16,778.16,778.16,778.16,778.16,778.16,778.16,778.16,802.35,802.35,802.35
432,F,2031,*,*,FUEL_TAMAYA,CenCosVar,EtaMes,802.35,802.35,802.35,802.35,802.35,802.35,802.35,802.35,802.35,802.35,802.35,802.35
433,F,2016,2016,*,FUEL_TOCOPILLA,CenCosVar,EtaMes,306.89,306.89,306.89,306.89,306.89,306.89,306.89,306.89,306.89,306.89,306.89,306.89
434,F,2017,2017,*,FUEL_TOCOPILLA,CenCosVar,EtaMes,306.89,306.89,306.89,306.89,306.89,306.89,306.89,306.89,306.89,365.20,365.20,365.20
435,F,2018,2018,*,FUEL_TOCOPILLA,CenCosVar,EtaMes,365.20,365.20,365.20,365.20,365.20,365.20,365.20,365.20,365.20,448.07,448.07,448.07
436,F,2019,2019,*,FUEL_TOCOPILLA,CenCosVar,EtaMes,448.07,448.07,448.07,448.07,448.07,448.07,448.07,448.07,448.07,487.96,487.96,487.96
437,F,2020,2020,*,FUEL_TOCOPILLA,CenCosVar,EtaMes,487.96,487.96,487.96,487.96,487.96,487.96,487.96,487.96,487.96,518.65,518.65,518.65
438,F,2021,2021,*,FUEL_TOCOPILLA,CenCosVar,EtaMes,518.65,518.65,518.65,518.65,518.65,518.65,518.65,518.65,518.65,540.13,540.13,540.13
439,F,2022,2022,*,FUEL_TOCOPILLA,CenCosVar,EtaMes,540.13,540.13,540.13,540.13,540.13,540.13,540.13,540.13,540.13,555.48,555.48,555.48
440,F,2023,2023,*,FUEL_TOCOPILLA,CenCosVar,EtaMes,555.48,555.48,555.48,555.48,555.48,555.48,555.48,555.48,555.48,567.76,567.76,567.76
441,F,2024,2024,*,FUEL_TOCOPILLA,CenCosVar,EtaMes,567.76,567.76,567.76,567.76,567.76,567.76,567.76,567.76,567.76,583.10,583.10,583.10
442,F,2025,2025,*,FUEL_TOCOPILLA,CenCosVar,EtaMes,583.10,583.10,583.10,583.10,583.10,583.10,583.10,583.10,583.10,604.58,604.58,604.58
443,F,2026,2026,*,FUEL_TOCOPILLA,CenCosVar,EtaMes,604.58,604.58,604.58,604.58,604.58,604.58,604.58,604.58,604.58,619.93,619.93,619.93
444,F,2027,2027,*,FUEL_TOCOPILLA,CenCosVar,EtaMes,619.93,619.93,619.93,619.93,619.93,619.93,619.93,619.93,619.93,635.27,635.27,635.27
445,F,2028,2028,*,FUEL_TOCOPILLA,CenCosVar,EtaMes,635.27,635.27,635.27,635.27,635.27,635.27,635.27,635.27,635.27,653.69,653.69,653.69
446,F,2029,2029,*,FUEL_TOCOPILLA,CenCosVar,EtaMes,653.69,653.69,653.69,653.69,653.69,653.69,653.69,653.69,653.69,663.75,663.75,663.75
447,F,2030,2030,*,FUEL_TOCOPILLA,CenCosVar,EtaMes,663.75,663.75,663.75,663.75,663.75,663.75,663.75,663.75,663.75,684.39,684.39,684.39
448,F,2031,*,*,FUEL_TOCOPILLA,CenCosVar,EtaMes,684.39,684.39,684.39,684.39,684.39,684.39,684.39,684.39,684.39,684.39,684.39,684.39
449,F,2016,2016,*,GNL EDELNOR,CenCosVar,EtaMes,0.19,0.19,0.19,0.19,0.19,0.19,0.19,0.19,0.19,0.19,0.19,0.19
450,F,2017,2017,*,GNL EDELNOR,CenCosVar,EtaMes,0.19,0.19,0.19,0.19,0.19,0.19,0.19,0.19,0.19,0.22,0.22,0.22
451,F,2018,2018,*,GNL EDELNOR,CenCosVar,EtaMes,0.22,0.22,0.22,0.22,0.22,0.22,0.22,0.22,0.22,0.28,0.28,0.28
452,F,2019,2019,*,GNL EDELNOR,CenCosVar,EtaMes,0.28,0.28,0.28,0.28,0.28,0.28,0.28,0.28,0.28,0.30,0.30,0.30
453,F,2020,2020,*,GNL EDELNOR,CenCosVar,EtaMes,0.30,0.30,0.30,0.30,0.30,0.30,0.30,0.30,0.30,0.30,0.30,0.30
454,F,2021,2021,*,GNL EDELNOR,CenCosVar,EtaMes,0.30,0.30,0.30,0.30,0.30,0.30,0.30,0.30,0.30,0.35,0.35,0.35
455,F,2022,2022,*,GNL EDELNOR,CenCosVar,EtaMes,0.35,0.35,0.35,0.35,0.35,0.35,0.35,0.35,0.35,0.36,0.36,0.36
456,F,2023,2023,*,GNL EDELNOR,CenCosVar,EtaMes,0.36,0.36,0.36,0.36,0.36,0.36,0.36,0.36,0.36,0.37,0.37,0.37
457,F,2024,2024,*,GNL EDELNOR,CenCosVar,EtaMes,0.37,0.37,0.37,0.37,0.37,0.37,0.37,0.37,0.37,0.38,0.38,0.38
458,F,2025,2025,*,GNL EDELNOR,CenCosVar,EtaMes,0.38,0.38,0.38,0.38,0.38,0.38,0.38,0.38,0.38,0.37,0.37,0.37
459,F,2026,2026,*,GNL EDELNOR,CenCosVar,EtaMes,0.37,0.37,0.37,0.37,0.37,0.37,0.37,0.37,0.37,0.37,0.37,0.37
460,F,2027,2027,*,GNL EDELNOR,CenCosVar,EtaMes,0.37,0.37,0.37,0.37,0.37,0.37,0.37,0.37,0.37,0.37,0.37,0.37
461,F,2028,2028,*,GNL EDELNOR,CenCosVar,EtaMes,0.37,0.37,0.37,0.37,0.37,0.37,0.37,0.37,0.37,0.38,0.38,0.38
462,F,2029,2029,*,GNL EDELNOR,CenCosVar,EtaMes,0.38,0.38,0.38,0.38,0.38,0.38,0.38,0.38,0.38,0.38,0.38,0.38
463,F,2030,2030,*,GNL EDELNOR,CenCosVar,EtaMes,0.38,0.38,0.38,0.38,0.38,0.38,0.38,0.38,0.38,0.38,0.38,0.38
464,F,2031,*,*,GNL EDELNOR,CenCosVar,EtaMes,0.38,0.38,0.38,0.38,0.38,0.38,0.38,0.38,0.38,0.38,0.38,0.38
465,F,2016,2016,*,GNL ELECTROANDINA,CenCosVar,EtaMes,0.19,0.19,0.19,0.19,0.19,0.19,0.19,0.19,0.19,0.19,0.19,0.19
466,F,2017,2017,*,GNL ELECTROANDINA,CenCosVar,EtaMes,0.19,0.19,0.19,0.19,0.19,0.19,0.19,0.19,0.19,0.22,0.22,0.22
467,F,2018,2018,*,GNL ELECTROANDINA,CenCosVar,EtaMes,0.22,0.22,0.22,0.22,0.22,0.22,0.22,0.22,0.22,0.28,0.28,0.28
468,F,2019,2019,*,GNL ELECTROANDINA,CenCosVar,EtaMes,0.28,0.28,0.28,0.28,0.28,0.28,0.28,0.28,0.28,0.30,0.30,0.30
469,F,2020,2020,*,GNL ELECTROANDINA,CenCosVar,EtaMes,0.30,0.30,0.30,0.30,0.30,0.30,0.30,0.30,0.30,0.30,0.30,0.30
470,F,2021,2021,*,GNL ELECTROANDINA,CenCosVar,EtaMes,0.30,0.30,0.30,0.30,0.30,0.30,0.30,0.30,0.30,0.35,0.35,0.35
471,F,2022,2022,*,GNL ELECTROANDINA,CenCosVar,EtaMes,0.35,0.35,0.35,0.35,0.35,0.35,0.35,0.35,0.35,0.36,0.36,0.36
472,F,2023,2023,*,GNL ELECTROANDINA,CenCosVar,EtaMes,0.36,0.36,0.36,0.36,0.36,0.36,0.36,0.36,0.36,0.37,0.37,0.37
473,F,2024,2024,*,GNL ELECTROANDINA,CenCosVar,EtaMes,0.37,0.37,0.37,0.37,0.37,0.37,0.37,0.37,0.37,0.38,0.38,0.38
474,F,2025,2025,*,GNL ELECTROANDINA,CenCosVar,EtaMes,0.38,0.38,0.38,0.38,0.38,0.38,0.38,0.38,0.38,0.37,0.37,0.37
475,F,2026,2026,*,GNL ELECTROANDINA,CenCosVar,EtaMes,0.37,0.37,0.37,0.37,0.37,0.37,0.37,0.37,0.37,0.37,0.37,0.37
476,F,2027,2027,*,GNL ELECTROANDINA,CenCosVar,EtaMes,0.37,0.37,0.37,0.37,0.37,0.37,0.37,0.37,0.37,0.37,0.37,0.37
477,F,2028,2028,*,GNL ELECTROANDINA,CenCosVar,EtaMes,0.37,0.37,0.37,0.37,0.37,0.37,0.37,0.37,0.37,0.38,0.38,0.38
478,F,2029,2029,*,GNL ELECTROANDINA,CenCosVar,EtaMes,0.38,0.38,0.38,0.38,0.38,0.38,0.38,0.38,0.38,0.38,0.38,0.38
479,F,2030,2030,*,GNL ELECTROANDINA,CenCosVar,EtaMes,0.38,0.38,0.38,0.38,0.38,0.38,0.38,0.38,0.38,0.38,0.38,0.38
480,F,2031,*,*,GNL ELECTROANDINA,CenCosVar,EtaMes,0.38,0.38,0.38,0.38,0.38,0.38,0.38,0.38,0.38,0.38,0.38,0.38
481,F,2016,2016,*,GNL GAG,CenCosVar,EtaMes,0.25,0.25,0.25,0.25,0.25,0.25,0.25,0.25,0.25,0.25,0.25,0.25
482,F,2017,2017,*,GNL GAG,CenCosVar,EtaMes,0.25,0.25,0.25,0.25,0.25,0.25,0.25,0.25,0.25,0.28,0.28,0.28
483,F,2018,2018,*,GNL GAG,CenCosVar,EtaMes,0.28,0.28,0.28,0.28,0.28,0.28,0.28,0.28,0.28,0.36,0.36,0.36
484,F,2019,2019,*,GNL GAG,CenCosVar,EtaMes,0.36,0.36,0.36,0.36,0.36,0.36,0.36,0.36,0.36,0.38,0.38,0.38
485,F,2020,2020,*,GNL GAG,CenCosVar,EtaMes,0.38,0.38,0.38,0.38,0.38,0.38,0.38,0.38,0.38,0.38,0.38,0.38
486,F,2021,2021,*,GNL GAG,CenCosVar,EtaMes,0.38,0.38,0.38,0.38,0.38,0.38,0.38,0.38,0.38,0.35,0.35,0.35
487,F,2022,2022,*,GNL GAG,CenCosVar,EtaMes,0.35,0.35,0.35,0.35,0.35,0.35,0.35,0.35,0.35,0.36,0.36,0.36
488,F,2023,2023,*,GNL GAG,CenCosVar,EtaMes,0.36,0.36,0.36,0.36,0.36,0.36,0.36,0.36,0.36,0.37,0.37,0.37
489,F,2024,2024,*,GNL GAG,CenCosVar,EtaMes,0.37,0.37,0.37,0.37,0.37,0.37,0.37,0.37,0.37,0.38,0.38,0.38
490,F,2025,2025,*,GNL GAG,CenCosVar,EtaMes,0.38,0.38,0.38,0.38,0.38,0.38,0.38,0.38,0.38,0.37,0.37,0.37
491,F,2026,2026,*,GNL GAG,CenCosVar,EtaMes,0.37,0.37,0.37,0.37,0.37,0.37,0.37,0.37,0.37,0.37,0.37,0.37
492,F,2027,2027,*,GNL GAG,CenCosVar,EtaMes,0.37,0.37,0.37,0.37,0.37,0.37,0.37,0.37,0.37,0.37,0.37,0.37
493,F,2028,2028,*,GNL GAG,CenCosVar,EtaMes,0.37,0.37,0.37,0.37,0.37,0.37,0.37,0.37,0.37,0.38,0.38,0.38
494,F,2029,2029,*,GNL GAG,CenCosVar,EtaMes,0.38,0.38,0.38,0.38,0.38,0.38,0.38,0.38,0.38,0.38,0.38,0.38
495,F,2030,2030,*,GNL GAG,CenCosVar,EtaMes,0.38,0.38,0.38,0.38,0.38,0.38,0.38,0.38,0.38,0.38,0.38,0.38
496,F,2031,*,*,GNL GAG,CenCosVar,EtaMes,0.38,0.38,0.38,0.38,0.38,0.38,0.38,0.38,0.38,0.38,0.38,0.38
497,F,2016,2016,*,GNL_KELAR,CenCosVar,EtaMes,0.31,0.31,0.31,0.31,0.31,0.31,0.31,0.31,0.31,0.31,0.31,0.31
498,F,2017,2017,*,GNL_KELAR,CenCosVar,EtaMes,0.31,0.31,0.31,0.31,0.31,0.31,0.31,0.31,0.31,0.34,0.34,0.34
499,F,2018,2018,*,GNL_KELAR,CenCosVar,EtaMes,0.34,0.34,0.34,0.34,0.34,0.34,0.34,0.34,0.34,0.45,0.45,0.45
500,F,2019,2019,*,GNL_KELAR,CenCosVar,EtaMes,0.45,0.45,0.45,0.45,0.45,0.45,0.45,0.45,0.45,0.47,0.47,0.47
501,F,2020,2020,*,GNL_KELAR,CenCosVar,EtaMes,0.47,0.47,0.47,0.47,0.47,0.47,0.47,0.47,0.47,0.47,0.47,0.47
502,F,2021,2021,*,GNL_KELAR,CenCosVar,EtaMes,0.47,0.47,0.47,0.47,0.47,0.47,0.47,0.47,0.47,0.35,0.35,0.35
503,F,2022,2022,*,GNL_KELAR,CenCosVar,EtaMes,0.35,0.35,0.35,0.35,0.35,0.35,0.35,0.35,0.35,0.36,0.36,0.36
504,F,2023,2023,*,GNL_KELAR,CenCosVar,EtaMes,0.36,0.36,0.36,0.36,0.36,0.36,0.36,0.36,0.36,0.37,0.37,0.37
505,F,2024,2024,*,GNL_KELAR,CenCosVar,EtaMes,0.37,0.37,0.37,0.37,0.37,0.37,0.37,0.37,0.37,0.38,0.38,0.38
506,F,2025,2025,*,GNL_KELAR,CenCosVar,EtaMes,0.38,0.38,0.38,0.38,0.38,0.38,0.38,0.38,0.38,0.37,0.37,0.37
507,F,2026,2026,*,GNL_KELAR,CenCosVar,EtaMes,0.37,0.37,0.37,0.37,0.37,0.37,0.37,0.37,0.37,0.37,0.37,0.37
508,F,2027,2027,*,GNL_KELAR,CenCosVar,EtaMes,0.37,0.37,0.37,0.37,0.37,0.37,0.37,0.37,0.37,0.37,0.37,0.37
509,F,2028,2028,*,GNL_KELAR,CenCosVar,EtaMes,0.37,0.37,0.37,0.37,0.37,0.37,0.37,0.37,0.37,0.38,0.38,0.38
510,F,2029,2029,*,GNL_KELAR,CenCosVar,EtaMes,0.38,0.38,0.38,0.38,0.38,0.38,0.38,0.38,0.38,0.38,0.38,0.38
511,F,2030,2030,*,GNL_KELAR,CenCosVar,EtaMes,0.38,0.38,0.38,0.38,0.38,0.38,0.38,0.38,0.38,0.38,0.38,0.38
512,F,2031,*,*,GNL_KELAR,CenCosVar,EtaMes,0.38,0.38,0.38,0.38,0.38,0.38,0.38,0.38,0.38,0.38,0.38,0.38
